id,action,user_auth_token_id,client_ip,auth_token_hash,created_at,path,user_agent
1866999,rotate,15660,2603:9000:b00b:a000:a624:85af:e6f3:47ba,ENcNr...,2022-01-26 21:08:22 UTC,/notifications,Mozilla/5.0 (X11; Ubuntu; Linux x86_64; rv:96.0) Gecko/20100101 Firefox/96.0
1867047,rotate,15660,2603:9000:b00b:a000:a624:85af:e6f3:47ba,qMwds...,2022-01-26 21:30:43 UTC,/t/73220,Mozilla/5.0 (X11; Ubuntu; Linux x86_64; rv:96.0) Gecko/20100101 Firefox/96.0
1867182,rotate,15660,2603:9000:b00b:a000:a624:85af:e6f3:47ba,0bU77...,2022-01-26 22:28:14 UTC,/notifications,Mozilla/5.0 (X11; Ubuntu; Linux x86_64; rv:96.0) Gecko/20100101 Firefox/96.0
1867236,rotate,15660,2603:9000:b00b:a000:a624:85af:e6f3:47ba,80tJc...,2022-01-26 22:55:08 UTC,/t/60104/posts.json,Mozilla/5.0 (X11; Ubuntu; Linux x86_64; rv:96.0) Gecko/20100101 Firefox/96.0
1867428,rotate,15660,2603:9000:b00b:a000:a624:85af:e6f3:47ba,HwaVs...,2022-01-27 00:20:51 UTC,/notifications,Mozilla/5.0 (X11; Ubuntu; Linux x86_64; rv:96.0) Gecko/20100101 Firefox/96.0
1867449,rotate,15660,2603:9000:b00b:a000:3032:9e7b:fddf:6351,Agl4P...,2022-01-27 00:31:02 UTC,/drafts.json,Mozilla/5.0 (X11; Ubuntu; Linux x86_64; rv:96.0) Gecko/20100101 Firefox/96.0
1867472,rotate,15660,2603:9000:b00b:a000:3032:9e7b:fddf:6351,PGfQZ...,2022-01-27 00:41:42 UTC,/topics/timings,Mozilla/5.0 (X11; Ubuntu; Linux x86_64; rv:96.0) Gecko/20100101 Firefox/96.0
1890904,rotate,15660,2603:9000:b00b:a000:f51a:d82a:7719:e579,LI4+I...,2022-02-06 11:45:22 UTC,/notifications,Mozilla/5.0 (X11; Ubuntu; Linux x86_64; rv:96.0) Gecko/20100101 Firefox/96.0
1890919,rotate,15660,2603:9000:b00b:a000:f51a:d82a:7719:e579,Sw1tc...,2022-02-06 12:08:01 UTC,/notifications,Mozilla/5.0 (X11; Ubuntu; Linux x86_64; rv:96.0) Gecko/20100101 Firefox/96.0
1867476,rotate,15660,2603:9000:b00b:a000:3032:9e7b:fddf:6351,emsj1...,2022-01-27 00:44:08 UTC,/notifications,Mozilla/5.0 (X11; Ubuntu; Linux x86_64; rv:96.0) Gecko/20100101 Firefox/96.0
1867501,rotate,15660,2603:9000:b00b:a000:3032:9e7b:fddf:6351,ArN3t...,2022-01-27 00:54:41 UTC,/topics/timings,Mozilla/5.0 (X11; Ubuntu; Linux x86_64; rv:96.0) Gecko/20100101 Firefox/96.0
1881803,rotate,15660,2603:9000:b00b:a000:f5e8:4d8b:2f4a:61d4,74Ehz...,2022-02-02 06:25:20 UTC,/t/kevin-gilds-dailies/73794/20,Mozilla/5.0 (X11; Ubuntu; Linux x86_64; rv:96.0) Gecko/20100101 Firefox/96.0
1867675,rotate,15660,2603:9000:b00b:a000:3032:9e7b:fddf:6351,lKHtY...,2022-01-27 02:34:59 UTC,/extra-locales/overrides,Mozilla/5.0 (X11; Ubuntu; Linux x86_64; rv:96.0) Gecko/20100101 Firefox/96.0
1868277,rotate,15660,2603:9000:b00b:a000:3032:9e7b:fddf:6351,8fzip...,2022-01-27 10:15:16 UTC,/extra-locales/overrides,Mozilla/5.0 (X11; Ubuntu; Linux x86_64; rv:96.0) Gecko/20100101 Firefox/96.0
1890477,rotate,15660,2603:9000:b00b:a000:f51a:d82a:7719:e579,9g2RH...,2022-02-06 02:24:29 UTC,/notifications,Mozilla/5.0 (X11; Ubuntu; Linux x86_64; rv:96.0) Gecko/20100101 Firefox/96.0
1882326,rotate,15660,2603:9000:b00b:a000:f5e8:4d8b:2f4a:61d4,uPv/G...,2022-02-02 14:08:03 UTC,/extra-locales/overrides,Mozilla/5.0 (X11; Ubuntu; Linux x86_64; rv:96.0) Gecko/20100101 Firefox/96.0
1890930,rotate,15660,2603:9000:b00b:a000:f51a:d82a:7719:e579,f6HC5...,2022-02-06 12:22:34 UTC,/notifications,Mozilla/5.0 (X11; Ubuntu; Linux x86_64; rv:96.0) Gecko/20100101 Firefox/96.0
1869728,rotate,15660,2603:9000:b00b:a000:3032:9e7b:fddf:6351,H6dAR...,2022-01-27 22:48:18 UTC,/drafts/topic_73338.json,Mozilla/5.0 (X11; Ubuntu; Linux x86_64; rv:96.0) Gecko/20100101 Firefox/96.0
1869726,rotate,15660,2603:9000:b00b:a000:3032:9e7b:fddf:6351,ifgZl...,2022-01-27 22:47:15 UTC,/extra-locales/overrides,Mozilla/5.0 (X11; Ubuntu; Linux x86_64; rv:96.0) Gecko/20100101 Firefox/96.0
1869748,rotate,15660,2603:9000:b00b:a000:3032:9e7b:fddf:6351,P84rS...,2022-01-27 22:59:02 UTC,/u/kevingilds/notifications,Mozilla/5.0 (X11; Ubuntu; Linux x86_64; rv:96.0) Gecko/20100101 Firefox/96.0
1869803,rotate,15660,2603:9000:b00b:a000:3032:9e7b:fddf:6351,apKL+...,2022-01-27 23:30:13 UTC,/topics/timings,Mozilla/5.0 (X11; Ubuntu; Linux x86_64; rv:96.0) Gecko/20100101 Firefox/96.0
1869796,rotate,15660,2603:9000:b00b:a000:3032:9e7b:fddf:6351,OvBMx...,2022-01-27 23:28:13 UTC,/topics/timings,Mozilla/5.0 (X11; Ubuntu; Linux x86_64; rv:96.0) Gecko/20100101 Firefox/96.0
1869799,rotate,15660,2603:9000:b00b:a000:3032:9e7b:fddf:6351,zBH9c...,2022-01-27 23:29:13 UTC,/topics/timings,Mozilla/5.0 (X11; Ubuntu; Linux x86_64; rv:96.0) Gecko/20100101 Firefox/96.0
1869833,rotate,15660,2603:9000:b00b:a000:3032:9e7b:fddf:6351,H2g8Q...,2022-01-27 23:44:03 UTC,/topics/timings,Mozilla/5.0 (X11; Ubuntu; Linux x86_64; rv:96.0) Gecko/20100101 Firefox/96.0
1869809,rotate,15660,2603:9000:b00b:a000:3032:9e7b:fddf:6351,foLhR...,2022-01-27 23:31:13 UTC,/topics/timings,Mozilla/5.0 (X11; Ubuntu; Linux x86_64; rv:96.0) Gecko/20100101 Firefox/96.0
1869814,rotate,15660,2603:9000:b00b:a000:3032:9e7b:fddf:6351,ALbg3...,2022-01-27 23:32:14 UTC,/drafts.json,Mozilla/5.0 (X11; Ubuntu; Linux x86_64; rv:96.0) Gecko/20100101 Firefox/96.0
1869831,rotate,15660,2603:9000:b00b:a000:3032:9e7b:fddf:6351,4Kiy5...,2022-01-27 23:43:02 UTC,/topics/timings,Mozilla/5.0 (X11; Ubuntu; Linux x86_64; rv:96.0) Gecko/20100101 Firefox/96.0
1869836,rotate,15660,2603:9000:b00b:a000:3032:9e7b:fddf:6351,YNuOb...,2022-01-27 23:45:03 UTC,/topics/timings,Mozilla/5.0 (X11; Ubuntu; Linux x86_64; rv:96.0) Gecko/20100101 Firefox/96.0
1869904,rotate,15660,2603:9000:b00b:a000:f559:c0c:3252:36d,+/LCL...,2022-01-28 00:15:49 UTC,/topics/timings,Mozilla/5.0 (X11; Ubuntu; Linux x86_64; rv:96.0) Gecko/20100101 Firefox/96.0
1869907,rotate,15660,2603:9000:b00b:a000:f559:c0c:3252:36d,sjakt...,2022-01-28 00:16:55 UTC,/drafts.json,Mozilla/5.0 (X11; Ubuntu; Linux x86_64; rv:96.0) Gecko/20100101 Firefox/96.0
1869935,rotate,15660,2603:9000:b00b:a000:f559:c0c:3252:36d,mhsDb...,2022-01-28 00:26:56 UTC,/drafts.json,Mozilla/5.0 (X11; Ubuntu; Linux x86_64; rv:96.0) Gecko/20100101 Firefox/96.0
1869956,rotate,15660,2603:9000:b00b:a000:f559:c0c:3252:36d,VBONV...,2022-01-28 00:37:05 UTC,/drafts.json,Mozilla/5.0 (X11; Ubuntu; Linux x86_64; rv:96.0) Gecko/20100101 Firefox/96.0
1870087,rotate,15660,2603:9000:b00b:a000:f559:c0c:3252:36d,DwHz6...,2022-01-28 01:28:41 UTC,/notifications,Mozilla/5.0 (X11; Ubuntu; Linux x86_64; rv:96.0) Gecko/20100101 Firefox/96.0
1890506,rotate,15660,2603:9000:b00b:a000:f51a:d82a:7719:e579,LFai1...,2022-02-06 02:40:40 UTC,/notifications,Mozilla/5.0 (X11; Ubuntu; Linux x86_64; rv:96.0) Gecko/20100101 Firefox/96.0
1885798,rotate,15660,2603:9000:b00b:a000:ffa1:c3e6:28c6:397b,1Q+3A...,2022-02-03 21:41:25 UTC,/extra-locales/overrides,Mozilla/5.0 (X11; Ubuntu; Linux x86_64; rv:96.0) Gecko/20100101 Firefox/96.0
1885800,rotate,15660,2603:9000:b00b:a000:ffa1:c3e6:28c6:397b,2y5BF...,2022-02-03 21:42:38 UTC,/topics/timings,Mozilla/5.0 (X11; Ubuntu; Linux x86_64; rv:96.0) Gecko/20100101 Firefox/96.0
1870768,rotate,15660,2603:9000:b00b:a000:f559:c0c:3252:36d,oBzyp...,2022-01-28 10:10:10 UTC,/notifications,Mozilla/5.0 (X11; Ubuntu; Linux x86_64; rv:96.0) Gecko/20100101 Firefox/96.0
1870791,rotate,15660,2603:9000:b00b:a000:f559:c0c:3252:36d,UKXCo...,2022-01-28 10:50:58 UTC,/t/34.json,Mozilla/5.0 (X11; Ubuntu; Linux x86_64; rv:96.0) Gecko/20100101 Firefox/96.0
1870801,rotate,15660,2603:9000:b00b:a000:f559:c0c:3252:36d,syFTD...,2022-01-28 11:01:04 UTC,/notifications,Mozilla/5.0 (X11; Ubuntu; Linux x86_64; rv:96.0) Gecko/20100101 Firefox/96.0
1870824,rotate,15660,2603:9000:b00b:a000:f559:c0c:3252:36d,BAXTG...,2022-01-28 11:34:32 UTC,/notifications,Mozilla/5.0 (X11; Ubuntu; Linux x86_64; rv:96.0) Gecko/20100101 Firefox/96.0
1870868,rotate,15660,2603:9000:b00b:a000:f559:c0c:3252:36d,VTSZq...,2022-01-28 12:42:59 UTC,/posts/394370,Mozilla/5.0 (X11; Ubuntu; Linux x86_64; rv:96.0) Gecko/20100101 Firefox/96.0
1870893,rotate,15660,2603:9000:b00b:a000:f559:c0c:3252:36d,unLll...,2022-01-28 12:58:14 UTC,/posts/394370,Mozilla/5.0 (X11; Ubuntu; Linux x86_64; rv:96.0) Gecko/20100101 Firefox/96.0
1889238,rotate,15660,2603:9000:b00b:a000:c70f:68bf:9fad:b0bd,3bgsF...,2022-02-05 10:44:21 UTC,/extra-locales/overrides,Mozilla/5.0 (X11; Ubuntu; Linux x86_64; rv:96.0) Gecko/20100101 Firefox/96.0
1871127,rotate,15660,2603:9000:b00b:a000:f559:c0c:3252:36d,ecnPc...,2022-01-28 15:09:19 UTC,/notifications,Mozilla/5.0 (X11; Ubuntu; Linux x86_64; rv:96.0) Gecko/20100101 Firefox/96.0
1889303,rotate,15660,2603:9000:b00b:a000:1993:f92d:b04b:d851,V/68r...,2022-02-05 11:54:11 UTC,/notifications,Mozilla/5.0 (X11; Ubuntu; Linux x86_64; rv:96.0) Gecko/20100101 Firefox/96.0
1889309,rotate,15660,2603:9000:b00b:a000:1993:f92d:b04b:d851,a43lL...,2022-02-05 12:04:13 UTC,/topics/timings,Mozilla/5.0 (X11; Ubuntu; Linux x86_64; rv:96.0) Gecko/20100101 Firefox/96.0
1889310,rotate,15660,2603:9000:b00b:a000:1993:f92d:b04b:d851,dbv0S...,2022-02-05 12:05:51 UTC,/topics/timings,Mozilla/5.0 (X11; Ubuntu; Linux x86_64; rv:96.0) Gecko/20100101 Firefox/96.0
1889311,rotate,15660,2603:9000:b00b:a000:1993:f92d:b04b:d851,woYyN...,2022-02-05 12:06:51 UTC,/topics/timings,Mozilla/5.0 (X11; Ubuntu; Linux x86_64; rv:96.0) Gecko/20100101 Firefox/96.0
1889314,rotate,15660,2603:9000:b00b:a000:1993:f92d:b04b:d851,70s2f...,2022-02-05 12:10:01 UTC,/topics/timings,Mozilla/5.0 (X11; Ubuntu; Linux x86_64; rv:96.0) Gecko/20100101 Firefox/96.0
1889338,rotate,15660,2603:9000:b00b:a000:f51a:d82a:7719:e579,9Azof...,2022-02-05 12:39:04 UTC,/notifications,Mozilla/5.0 (X11; Ubuntu; Linux x86_64; rv:96.0) Gecko/20100101 Firefox/96.0
1872386,rotate,15660,2603:9000:b00b:a000:f559:c0c:3252:36d,IauDc...,2022-01-28 23:16:33 UTC,/extra-locales/overrides,Mozilla/5.0 (X11; Ubuntu; Linux x86_64; rv:96.0) Gecko/20100101 Firefox/96.0
1872415,rotate,15660,2603:9000:b00b:a000:f559:c0c:3252:36d,PcikO...,2022-01-28 23:34:53 UTC,/extra-locales/overrides,Mozilla/5.0 (X11; Ubuntu; Linux x86_64; rv:96.0) Gecko/20100101 Firefox/96.0
1872417,rotate,15660,2603:9000:b00b:a000:f559:c0c:3252:36d,GToFK...,2022-01-28 23:36:11 UTC,/topics/timings,Mozilla/5.0 (X11; Ubuntu; Linux x86_64; rv:96.0) Gecko/20100101 Firefox/96.0
1872422,rotate,15660,2603:9000:b00b:a000:f559:c0c:3252:36d,YJ4gZ...,2022-01-28 23:39:01 UTC,/topics/timings,Mozilla/5.0 (X11; Ubuntu; Linux x86_64; rv:96.0) Gecko/20100101 Firefox/96.0
1872424,rotate,15660,2603:9000:b00b:a000:f559:c0c:3252:36d,HFOTJ...,2022-01-28 23:40:01 UTC,/topics/timings,Mozilla/5.0 (X11; Ubuntu; Linux x86_64; rv:96.0) Gecko/20100101 Firefox/96.0
1872425,rotate,15660,2603:9000:b00b:a000:f559:c0c:3252:36d,0skR+...,2022-01-28 23:41:02 UTC,/topics/timings,Mozilla/5.0 (X11; Ubuntu; Linux x86_64; rv:96.0) Gecko/20100101 Firefox/96.0
1872420,rotate,15660,2603:9000:b00b:a000:f559:c0c:3252:36d,ZHmci...,2022-01-28 23:38:01 UTC,/topics/timings,Mozilla/5.0 (X11; Ubuntu; Linux x86_64; rv:96.0) Gecko/20100101 Firefox/96.0
1872426,rotate,15660,2603:9000:b00b:a000:f559:c0c:3252:36d,5zusD...,2022-01-28 23:42:02 UTC,/topics/timings,Mozilla/5.0 (X11; Ubuntu; Linux x86_64; rv:96.0) Gecko/20100101 Firefox/96.0
1872431,rotate,15660,2603:9000:b00b:a000:f559:c0c:3252:36d,TIm89...,2022-01-28 23:43:02 UTC,/topics/timings,Mozilla/5.0 (X11; Ubuntu; Linux x86_64; rv:96.0) Gecko/20100101 Firefox/96.0
1872432,rotate,15660,2603:9000:b00b:a000:f559:c0c:3252:36d,8jknw...,2022-01-28 23:45:15 UTC,/drafts.json,Mozilla/5.0 (X11; Ubuntu; Linux x86_64; rv:96.0) Gecko/20100101 Firefox/96.0
1889356,rotate,15660,2603:9000:b00b:a000:f51a:d82a:7719:e579,I9Shy...,2022-02-05 13:04:47 UTC,/notifications,Mozilla/5.0 (X11; Ubuntu; Linux x86_64; rv:96.0) Gecko/20100101 Firefox/96.0
1883891,rotate,15660,2603:9000:b00b:a000:ffa1:c3e6:28c6:397b,Sr3mx...,2022-02-03 02:20:28 UTC,/notifications,Mozilla/5.0 (X11; Ubuntu; Linux x86_64; rv:96.0) Gecko/20100101 Firefox/96.0
1872603,rotate,15660,2603:9000:b00b:a000:3c73:e9e3:ac74:ef00,w4UwC...,2022-01-29 01:33:53 UTC,/t/any-interest-in-an-beaver-zoom/72310/21,Mozilla/5.0 (X11; Ubuntu; Linux x86_64; rv:96.0) Gecko/20100101 Firefox/96.0
1872613,rotate,15660,2603:9000:b00b:a000:3c73:e9e3:ac74:ef00,NUxRb...,2022-01-29 01:44:36 UTC,/bookmarks.json,Mozilla/5.0 (X11; Ubuntu; Linux x86_64; rv:96.0) Gecko/20100101 Firefox/96.0
1872628,rotate,15660,2603:9000:b00b:a000:3c73:e9e3:ac74:ef00,tXsgY...,2022-01-29 02:03:22 UTC,/c/resources/editing-tips/126/l/latest.json,Mozilla/5.0 (X11; Ubuntu; Linux x86_64; rv:96.0) Gecko/20100101 Firefox/96.0
1883915,rotate,15660,2603:9000:b00b:a000:ffa1:c3e6:28c6:397b,xcrqd...,2022-02-03 02:32:52 UTC,/topics/timings,Mozilla/5.0 (X11; Ubuntu; Linux x86_64; rv:96.0) Gecko/20100101 Firefox/96.0
1883923,rotate,15660,2603:9000:b00b:a000:ffa1:c3e6:28c6:397b,P54ui...,2022-02-03 02:34:58 UTC,/topics/timings,Mozilla/5.0 (X11; Ubuntu; Linux x86_64; rv:96.0) Gecko/20100101 Firefox/96.0
1883927,rotate,15660,2603:9000:b00b:a000:ffa1:c3e6:28c6:397b,w2LyQ...,2022-02-03 02:35:59 UTC,/topics/timings,Mozilla/5.0 (X11; Ubuntu; Linux x86_64; rv:96.0) Gecko/20100101 Firefox/96.0
1872682,rotate,15660,2603:9000:b00b:a000:3c73:e9e3:ac74:ef00,g7Cso...,2022-01-29 02:45:14 UTC,/categories.json,Mozilla/5.0 (X11; Ubuntu; Linux x86_64; rv:96.0) Gecko/20100101 Firefox/96.0
1883920,rotate,15660,2603:9000:b00b:a000:ffa1:c3e6:28c6:397b,B5Ed4...,2022-02-03 02:33:58 UTC,/topics/timings,Mozilla/5.0 (X11; Ubuntu; Linux x86_64; rv:96.0) Gecko/20100101 Firefox/96.0
1883965,rotate,15660,2603:9000:b00b:a000:ffa1:c3e6:28c6:397b,CwyA0...,2022-02-03 02:54:38 UTC,/topics/timings,Mozilla/5.0 (X11; Ubuntu; Linux x86_64; rv:96.0) Gecko/20100101 Firefox/96.0
1883964,rotate,15660,2603:9000:b00b:a000:ffa1:c3e6:28c6:397b,NwS2s...,2022-02-03 02:53:38 UTC,/topics/timings,Mozilla/5.0 (X11; Ubuntu; Linux x86_64; rv:96.0) Gecko/20100101 Firefox/96.0
1883966,rotate,15660,2603:9000:b00b:a000:ffa1:c3e6:28c6:397b,YqFtm...,2022-02-03 02:55:38 UTC,/drafts.json,Mozilla/5.0 (X11; Ubuntu; Linux x86_64; rv:96.0) Gecko/20100101 Firefox/96.0
1883986,rotate,15660,2603:9000:b00b:a000:ffa1:c3e6:28c6:397b,q4+34...,2022-02-03 03:05:55 UTC,/notifications,Mozilla/5.0 (X11; Ubuntu; Linux x86_64; rv:96.0) Gecko/20100101 Firefox/96.0
1889380,rotate,15660,2603:9000:b00b:a000:f51a:d82a:7719:e579,gwKPj...,2022-02-05 13:29:15 UTC,/posts/380688,Mozilla/5.0 (X11; Ubuntu; Linux x86_64; rv:96.0) Gecko/20100101 Firefox/96.0
1873127,rotate,15660,2603:9000:b00b:a000:3c73:e9e3:ac74:ef00,ptlkG...,2022-01-29 10:06:45 UTC,/extra-locales/overrides,Mozilla/5.0 (X11; Ubuntu; Linux x86_64; rv:96.0) Gecko/20100101 Firefox/96.0
1873128,rotate,15660,2603:9000:b00b:a000:3c73:e9e3:ac74:ef00,qPoaA...,2022-01-29 10:08:24 UTC,/topics/timings,Mozilla/5.0 (X11; Ubuntu; Linux x86_64; rv:96.0) Gecko/20100101 Firefox/96.0
1889421,rotate,15660,2603:9000:b00b:a000:f51a:d82a:7719:e579,YMEUO...,2022-02-05 14:03:20 UTC,/notifications,Mozilla/5.0 (X11; Ubuntu; Linux x86_64; rv:96.0) Gecko/20100101 Firefox/96.0
1873291,rotate,15660,2603:9000:b00b:a000:3c73:e9e3:ac74:ef00,AUCrV...,2022-01-29 13:33:53 UTC,/t/74551/22.json,Mozilla/5.0 (X11; Ubuntu; Linux x86_64; rv:96.0) Gecko/20100101 Firefox/96.0
1873288,rotate,15660,2603:9000:b00b:a000:3c73:e9e3:ac74:ef00,vv2O4...,2022-01-29 13:32:48 UTC,/extra-locales/overrides,Mozilla/5.0 (X11; Ubuntu; Linux x86_64; rv:96.0) Gecko/20100101 Firefox/96.0
1886236,rotate,15660,2603:9000:b00b:a000:9607:1b14:3c56:67dc,WBWG6...,2022-02-04 01:44:53 UTC,/notifications,Mozilla/5.0 (X11; Ubuntu; Linux x86_64; rv:96.0) Gecko/20100101 Firefox/96.0
1873317,rotate,15660,2603:9000:b00b:a000:3c73:e9e3:ac74:ef00,6Smky...,2022-01-29 13:45:25 UTC,/t/74551/posts.json,Mozilla/5.0 (X11; Ubuntu; Linux x86_64; rv:96.0) Gecko/20100101 Firefox/96.0
1873393,rotate,15660,2603:9000:b00b:a000:3c73:e9e3:ac74:ef00,Hepww...,2022-01-29 14:21:17 UTC,/notifications,Mozilla/5.0 (X11; Ubuntu; Linux x86_64; rv:96.0) Gecko/20100101 Firefox/96.0
1873441,rotate,15660,2603:9000:b00b:a000:3c73:e9e3:ac74:ef00,wwVCP...,2022-01-29 14:57:33 UTC,/notifications,Mozilla/5.0 (X11; Ubuntu; Linux x86_64; rv:96.0) Gecko/20100101 Firefox/96.0
1873570,rotate,15660,2603:9000:b00b:a000:3c73:e9e3:ac74:ef00,dX8WG...,2022-01-29 16:18:43 UTC,/extra-locales/overrides,Mozilla/5.0 (X11; Ubuntu; Linux x86_64; rv:96.0) Gecko/20100101 Firefox/96.0
1873573,rotate,15660,2603:9000:b00b:a000:3c73:e9e3:ac74:ef00,ZOIyA...,2022-01-29 16:20:05 UTC,/topics/timings,Mozilla/5.0 (X11; Ubuntu; Linux x86_64; rv:96.0) Gecko/20100101 Firefox/96.0
1873861,rotate,15660,2603:9000:b00b:a000:3c73:e9e3:ac74:ef00,Aa/Ds...,2022-01-29 18:50:37 UTC,/t/61009/posts.json,Mozilla/5.0 (X11; Ubuntu; Linux x86_64; rv:96.0) Gecko/20100101 Firefox/96.0
1886366,rotate,15660,2603:9000:b00b:a000:9607:1b14:3c56:67dc,T0BBy...,2022-02-04 02:41:48 UTC,/categories.json,Mozilla/5.0 (X11; Ubuntu; Linux x86_64; rv:96.0) Gecko/20100101 Firefox/96.0
1873995,rotate,15660,2603:9000:b00b:a000:3c73:e9e3:ac74:ef00,IBMDA...,2022-01-29 19:51:08 UTC,/t/61009/posts.json,Mozilla/5.0 (X11; Ubuntu; Linux x86_64; rv:96.0) Gecko/20100101 Firefox/96.0
1884479,rotate,15660,2603:9000:b00b:a000:ffa1:c3e6:28c6:397b,25Hfn...,2022-02-03 10:13:05 UTC,/extra-locales/overrides,Mozilla/5.0 (X11; Ubuntu; Linux x86_64; rv:96.0) Gecko/20100101 Firefox/96.0
1874070,rotate,15660,2603:9000:b00b:a000:3c73:e9e3:ac74:ef00,wd9K+...,2022-01-29 20:33:30 UTC,/t/61009/posts.json,Mozilla/5.0 (X11; Ubuntu; Linux x86_64; rv:96.0) Gecko/20100101 Firefox/96.0
1874166,rotate,15660,2603:9000:b00b:a000:3c73:e9e3:ac74:ef00,Gp4f0...,2022-01-29 21:27:47 UTC,/t/61009/posts.json,Mozilla/5.0 (X11; Ubuntu; Linux x86_64; rv:96.0) Gecko/20100101 Firefox/96.0
1886405,rotate,15660,2603:9000:b00b:a000:9607:1b14:3c56:67dc,McAJv...,2022-02-04 02:51:50 UTC,/drafts.json,Mozilla/5.0 (X11; Ubuntu; Linux x86_64; rv:96.0) Gecko/20100101 Firefox/96.0
1874213,rotate,15660,2603:9000:b00b:a000:3c73:e9e3:ac74:ef00,YAWqe...,2022-01-29 21:56:22 UTC,/notifications,Mozilla/5.0 (X11; Ubuntu; Linux x86_64; rv:96.0) Gecko/20100101 Firefox/96.0
1874286,rotate,15660,2603:9000:b00b:a000:3c73:e9e3:ac74:ef00,cHsj6...,2022-01-29 22:33:20 UTC,/t/61009/posts.json,Mozilla/5.0 (X11; Ubuntu; Linux x86_64; rv:96.0) Gecko/20100101 Firefox/96.0
1874332,rotate,15660,2603:9000:b00b:a000:3c73:e9e3:ac74:ef00,hmn60...,2022-01-29 23:00:56 UTC,/t/61009/posts.json,Mozilla/5.0 (X11; Ubuntu; Linux x86_64; rv:96.0) Gecko/20100101 Firefox/96.0
1874367,rotate,15660,2603:9000:b00b:a000:3c73:e9e3:ac74:ef00,Q2t9r...,2022-01-29 23:19:36 UTC,/t/61009/posts.json,Mozilla/5.0 (X11; Ubuntu; Linux x86_64; rv:96.0) Gecko/20100101 Firefox/96.0
1874393,rotate,15660,2603:9000:b00b:a000:3c73:e9e3:ac74:ef00,PHrva...,2022-01-29 23:37:22 UTC,/notifications,Mozilla/5.0 (X11; Ubuntu; Linux x86_64; rv:96.0) Gecko/20100101 Firefox/96.0
1874589,rotate,15660,2603:9000:b00b:a000:3c73:e9e3:ac74:ef00,X2U5W...,2022-01-30 01:49:31 UTC,/notifications,Mozilla/5.0 (X11; Ubuntu; Linux x86_64; rv:96.0) Gecko/20100101 Firefox/96.0
1875066,rotate,15660,2603:9000:b00b:a000:dec9:7bee:52d3:5878,M3O7h...,2022-01-30 10:36:03 UTC,/extra-locales/overrides,Mozilla/5.0 (X11; Ubuntu; Linux x86_64; rv:96.0) Gecko/20100101 Firefox/96.0
1875412,rotate,15660,2603:9000:b00b:a000:be28:a8b3:d2b:f193,/SkCQ...,2022-01-30 15:50:42 UTC,/extra-locales/overrides,Mozilla/5.0 (X11; Ubuntu; Linux x86_64; rv:96.0) Gecko/20100101 Firefox/96.0
1875480,rotate,15660,2603:9000:b00b:a000:be28:a8b3:d2b:f193,WvjAu...,2022-01-30 16:15:33 UTC,/topics/timings,Mozilla/5.0 (X11; Ubuntu; Linux x86_64; rv:96.0) Gecko/20100101 Firefox/96.0
1875483,rotate,15660,2603:9000:b00b:a000:be28:a8b3:d2b:f193,rSmM9...,2022-01-30 16:16:33 UTC,/topics/timings,Mozilla/5.0 (X11; Ubuntu; Linux x86_64; rv:96.0) Gecko/20100101 Firefox/96.0
1875487,rotate,15660,2603:9000:b00b:a000:be28:a8b3:d2b:f193,a8xi1...,2022-01-30 16:17:34 UTC,/topics/timings,Mozilla/5.0 (X11; Ubuntu; Linux x86_64; rv:96.0) Gecko/20100101 Firefox/96.0
1875586,rotate,15660,2603:9000:b00b:a000:be28:a8b3:d2b:f193,uQ/Uk...,2022-01-30 17:17:06 UTC,/notifications,Mozilla/5.0 (X11; Ubuntu; Linux x86_64; rv:96.0) Gecko/20100101 Firefox/96.0
1875757,rotate,15660,2603:9000:b00b:a000:be28:a8b3:d2b:f193,7Zu5S...,2022-01-30 18:43:03 UTC,/notifications,Mozilla/5.0 (X11; Ubuntu; Linux x86_64; rv:96.0) Gecko/20100101 Firefox/96.0
1875913,rotate,15660,2603:9000:b00b:a000:be28:a8b3:d2b:f193,Q8GLX...,2022-01-30 19:38:15 UTC,/notifications,Mozilla/5.0 (X11; Ubuntu; Linux x86_64; rv:96.0) Gecko/20100101 Firefox/96.0
1875943,rotate,15660,2603:9000:b00b:a000:be28:a8b3:d2b:f193,CDws/...,2022-01-30 19:49:06 UTC,/posts/396115,Mozilla/5.0 (X11; Ubuntu; Linux x86_64; rv:96.0) Gecko/20100101 Firefox/96.0
1890975,rotate,15660,2603:9000:b00b:a000:8ee3:bfea:7dc9:1065,mOdoS...,2022-02-06 13:02:40 UTC,/t/kevin-gilds-dailies/73794/29,Mozilla/5.0 (X11; Ubuntu; Linux x86_64; rv:96.0) Gecko/20100101 Firefox/96.0
1887051,rotate,15660,2603:9000:b00b:a000:9607:1b14:3c56:67dc,hT61g...,2022-02-04 11:53:51 UTC,/extra-locales/overrides,Mozilla/5.0 (X11; Ubuntu; Linux x86_64; rv:96.0) Gecko/20100101 Firefox/96.0
1876660,rotate,15660,2603:9000:b00b:a000:be28:a8b3:d2b:f193,d3LMU...,2022-01-31 02:47:10 UTC,/notifications,Mozilla/5.0 (X11; Ubuntu; Linux x86_64; rv:96.0) Gecko/20100101 Firefox/96.0
1876698,rotate,15660,2603:9000:b00b:a000:be28:a8b3:d2b:f193,Mn8P2...,2022-01-31 03:02:09 UTC,/notifications,Mozilla/5.0 (X11; Ubuntu; Linux x86_64; rv:96.0) Gecko/20100101 Firefox/96.0
1876708,rotate,15660,2603:9000:b00b:a000:be28:a8b3:d2b:f193,sEAIg...,2022-01-31 03:12:13 UTC,/presence/update,Mozilla/5.0 (X11; Ubuntu; Linux x86_64; rv:96.0) Gecko/20100101 Firefox/96.0
1876727,rotate,15660,2603:9000:b00b:a000:be28:a8b3:d2b:f193,V7hem...,2022-01-31 03:24:34 UTC,/drafts.json,Mozilla/5.0 (X11; Ubuntu; Linux x86_64; rv:96.0) Gecko/20100101 Firefox/96.0
1876753,rotate,15660,2603:9000:b00b:a000:be28:a8b3:d2b:f193,qlH6Z...,2022-01-31 03:41:47 UTC,/extra-locales/overrides,Mozilla/5.0 (X11; Ubuntu; Linux x86_64; rv:96.0) Gecko/20100101 Firefox/96.0
1854831,generate,15660,2603:9000:b00b:a000:90d4:1c1b:74bc:9119,kLsoC...,2022-01-21 00:24:56 UTC,/session/sso_login,Mozilla/5.0 (X11; Ubuntu; Linux x86_64; rv:96.0) Gecko/20100101 Firefox/96.0
1854931,rotate,15660,2603:9000:b00b:a000:6a8d:dc14:a33a:657,jRv1G...,2022-01-21 01:14:04 UTC,/t/73256/posts.json,Mozilla/5.0 (X11; Ubuntu; Linux x86_64; rv:96.0) Gecko/20100101 Firefox/96.0
1854969,rotate,15660,2603:9000:b00b:a000:6a8d:dc14:a33a:657,VM/9E...,2022-01-21 01:36:16 UTC,/notifications,Mozilla/5.0 (X11; Ubuntu; Linux x86_64; rv:96.0) Gecko/20100101 Firefox/96.0
1855074,rotate,15660,2603:9000:b00b:a000:6a8d:dc14:a33a:657,XPBCo...,2022-01-21 02:47:58 UTC,/notifications,Mozilla/5.0 (X11; Ubuntu; Linux x86_64; rv:96.0) Gecko/20100101 Firefox/96.0
1877186,rotate,15660,2603:9000:b00b:a000:be28:a8b3:d2b:f193,QAdy5...,2022-01-31 10:30:14 UTC,/extra-locales/overrides,Mozilla/5.0 (X11; Ubuntu; Linux x86_64; rv:96.0) Gecko/20100101 Firefox/96.0
1889838,rotate,15660,2603:9000:b00b:a000:f51a:d82a:7719:e579,BMykc...,2022-02-05 18:39:23 UTC,/notifications,Mozilla/5.0 (X11; Ubuntu; Linux x86_64; rv:96.0) Gecko/20100101 Firefox/96.0
1877205,rotate,15660,2603:9000:b00b:a000:be28:a8b3:d2b:f193,rr+Mj...,2022-01-31 10:55:20 UTC,/unread.json,Mozilla/5.0 (X11; Ubuntu; Linux x86_64; rv:96.0) Gecko/20100101 Firefox/96.0
1877232,rotate,15660,2603:9000:b00b:a000:be28:a8b3:d2b:f193,MzkCG...,2022-01-31 11:30:16 UTC,/notifications,Mozilla/5.0 (X11; Ubuntu; Linux x86_64; rv:96.0) Gecko/20100101 Firefox/96.0
1855501,rotate,15660,2603:9000:b00b:a000:6a8d:dc14:a33a:657,WKxxr...,2022-01-21 11:54:33 UTC,/t/welcome-to-eastern-9/73256,Mozilla/5.0 (X11; Ubuntu; Linux x86_64; rv:96.0) Gecko/20100101 Firefox/96.0
1855508,rotate,15660,2603:9000:b00b:a000:6a8d:dc14:a33a:657,OHSg6...,2022-01-21 12:10:14 UTC,/t/73256/posts.json,Mozilla/5.0 (X11; Ubuntu; Linux x86_64; rv:96.0) Gecko/20100101 Firefox/96.0
1855576,rotate,15660,2603:9000:b00b:a000:6dcf:73c4:4b32:4a42,Z3p9T...,2022-01-21 13:11:41 UTC,/notifications,Mozilla/5.0 (X11; Ubuntu; Linux x86_64; rv:96.0) Gecko/20100101 Firefox/96.0
1890997,rotate,15660,2603:9000:b00b:a000:8ee3:bfea:7dc9:1065,CTWVZ...,2022-02-06 13:14:37 UTC,/t/73805/32.json,Mozilla/5.0 (X11; Ubuntu; Linux x86_64; rv:96.0) Gecko/20100101 Firefox/96.0
1877863,rotate,15660,2603:9000:b00b:a000:87ee:3232:1f6f:c93b,4Qokj...,2022-01-31 16:51:39 UTC,/t/74393/posts.json,Mozilla/5.0 (X11; Ubuntu; Linux x86_64; rv:96.0) Gecko/20100101 Firefox/96.0
1857383,rotate,15660,2603:9000:b00b:a000:b941:b4b6:96fb:7a83,t5u74...,2022-01-22 12:22:44 UTC,/t/welcome-to-eastern-9/73256/7,Mozilla/5.0 (X11; Ubuntu; Linux x86_64; rv:96.0) Gecko/20100101 Firefox/96.0
1857397,rotate,15660,2603:9000:b00b:a000:b941:b4b6:96fb:7a83,rTIwY...,2022-01-22 12:32:57 UTC,/drafts.json,Mozilla/5.0 (X11; Ubuntu; Linux x86_64; rv:96.0) Gecko/20100101 Firefox/96.0
1857420,rotate,15660,2603:9000:b00b:a000:b941:b4b6:96fb:7a83,l8PKc...,2022-01-22 12:55:09 UTC,/t/73256/posts.json,Mozilla/5.0 (X11; Ubuntu; Linux x86_64; rv:96.0) Gecko/20100101 Firefox/96.0
1857411,rotate,15660,2603:9000:b00b:a000:b941:b4b6:96fb:7a83,Bmk5S...,2022-01-22 12:43:03 UTC,/drafts.json,Mozilla/5.0 (X11; Ubuntu; Linux x86_64; rv:96.0) Gecko/20100101 Firefox/96.0
1857456,rotate,15660,2603:9000:b00b:a000:b941:b4b6:96fb:7a83,i7NeN...,2022-01-22 13:19:48 UTC,/topics/timings,Mozilla/5.0 (X11; Ubuntu; Linux x86_64; rv:96.0) Gecko/20100101 Firefox/96.0
1857458,rotate,15660,2603:9000:b00b:a000:b941:b4b6:96fb:7a83,bKZ9f...,2022-01-22 13:21:40 UTC,/topics/timings,Mozilla/5.0 (X11; Ubuntu; Linux x86_64; rv:96.0) Gecko/20100101 Firefox/96.0
1857440,rotate,15660,2603:9000:b00b:a000:b941:b4b6:96fb:7a83,DeDcm...,2022-01-22 13:09:10 UTC,/categories.json,Mozilla/5.0 (X11; Ubuntu; Linux x86_64; rv:96.0) Gecko/20100101 Firefox/96.0
1857459,rotate,15660,2603:9000:b00b:a000:b941:b4b6:96fb:7a83,SsbGh...,2022-01-22 13:23:41 UTC,/topics/timings,Mozilla/5.0 (X11; Ubuntu; Linux x86_64; rv:96.0) Gecko/20100101 Firefox/96.0
1857463,rotate,15660,2603:9000:b00b:a000:b941:b4b6:96fb:7a83,t3R5K...,2022-01-22 13:28:23 UTC,/topics/timings,Mozilla/5.0 (X11; Ubuntu; Linux x86_64; rv:96.0) Gecko/20100101 Firefox/96.0
1857490,rotate,15660,2603:9000:b00b:a000:b941:b4b6:96fb:7a83,V1J3y...,2022-01-22 13:54:48 UTC,/notifications,Mozilla/5.0 (X11; Ubuntu; Linux x86_64; rv:96.0) Gecko/20100101 Firefox/96.0
1878165,rotate,15660,2603:9000:b00b:a000:87ee:3232:1f6f:c93b,NNqky...,2022-01-31 19:24:29 UTC,/t/74393/posts.json,Mozilla/5.0 (X11; Ubuntu; Linux x86_64; rv:96.0) Gecko/20100101 Firefox/96.0
1878221,rotate,15660,2603:9000:b00b:a000:87ee:3232:1f6f:c93b,6EN9g...,2022-01-31 19:51:39 UTC,/t/74393/posts.json,Mozilla/5.0 (X11; Ubuntu; Linux x86_64; rv:96.0) Gecko/20100101 Firefox/96.0
1878246,rotate,15660,2603:9000:b00b:a000:87ee:3232:1f6f:c93b,EpJYJ...,2022-01-31 20:02:46 UTC,/t/74393/posts.json,Mozilla/5.0 (X11; Ubuntu; Linux x86_64; rv:96.0) Gecko/20100101 Firefox/96.0
1858975,rotate,15660,2603:9000:b00b:a000:503f:a103:b341:bd44,ao3WI...,2022-01-23 12:29:48 UTC,/drafts.json,Mozilla/5.0 (X11; Ubuntu; Linux x86_64; rv:96.0) Gecko/20100101 Firefox/96.0
1858962,rotate,15660,2603:9000:b00b:a000:503f:a103:b341:bd44,Yh0bP...,2022-01-23 12:19:33 UTC,/t/welcome-to-eastern-9/73256,Mozilla/5.0 (X11; Ubuntu; Linux x86_64; rv:96.0) Gecko/20100101 Firefox/96.0
1858985,rotate,15660,2603:9000:b00b:a000:503f:a103:b341:bd44,NRSar...,2022-01-23 12:39:48 UTC,/presence/update,Mozilla/5.0 (X11; Ubuntu; Linux x86_64; rv:96.0) Gecko/20100101 Firefox/96.0
1878576,rotate,15660,2603:9000:b00b:a000:71ae:eb79:46d3:d3a0,ZUPD+...,2022-01-31 22:29:21 UTC,/t/joyce-sullivan-dailies-2022-wc4/74393/59,Mozilla/5.0 (X11; Ubuntu; Linux x86_64; rv:96.0) Gecko/20100101 Firefox/96.0
1858991,rotate,15660,2603:9000:b00b:a000:503f:a103:b341:bd44,AOT+c...,2022-01-23 12:49:50 UTC,/topics/timings,Mozilla/5.0 (X11; Ubuntu; Linux x86_64; rv:96.0) Gecko/20100101 Firefox/96.0
1858996,rotate,15660,2603:9000:b00b:a000:503f:a103:b341:bd44,xSTMN...,2022-01-23 12:52:23 UTC,/t/73379/2.json,Mozilla/5.0 (X11; Ubuntu; Linux x86_64; rv:96.0) Gecko/20100101 Firefox/96.0
1859004,rotate,15660,2603:9000:b00b:a000:503f:a103:b341:bd44,nwOff...,2022-01-23 13:02:52 UTC,/notifications,Mozilla/5.0 (X11; Ubuntu; Linux x86_64; rv:96.0) Gecko/20100101 Firefox/96.0
1858995,rotate,15660,2603:9000:b00b:a000:503f:a103:b341:bd44,nh7YE...,2022-01-23 12:51:17 UTC,/topics/timings,Mozilla/5.0 (X11; Ubuntu; Linux x86_64; rv:96.0) Gecko/20100101 Firefox/96.0
1859022,rotate,15660,2603:9000:b00b:a000:503f:a103:b341:bd44,Xc7QZ...,2022-01-23 13:16:57 UTC,/notifications,Mozilla/5.0 (X11; Ubuntu; Linux x86_64; rv:96.0) Gecko/20100101 Firefox/96.0
1859035,rotate,15660,2603:9000:b00b:a000:503f:a103:b341:bd44,4LH9T...,2022-01-23 13:27:11 UTC,/drafts.json,Mozilla/5.0 (X11; Ubuntu; Linux x86_64; rv:96.0) Gecko/20100101 Firefox/96.0
1859047,rotate,15660,2603:9000:b00b:a000:503f:a103:b341:bd44,8wo5L...,2022-01-23 13:37:13 UTC,/drafts.json,Mozilla/5.0 (X11; Ubuntu; Linux x86_64; rv:96.0) Gecko/20100101 Firefox/96.0
1859062,rotate,15660,2603:9000:b00b:a000:503f:a103:b341:bd44,G9w+k...,2022-01-23 13:47:41 UTC,/drafts.json,Mozilla/5.0 (X11; Ubuntu; Linux x86_64; rv:96.0) Gecko/20100101 Firefox/96.0
1859144,rotate,15660,2603:9000:b00b:a000:503f:a103:b341:bd44,9Xwbq...,2022-01-23 14:44:55 UTC,/notifications,Mozilla/5.0 (X11; Ubuntu; Linux x86_64; rv:96.0) Gecko/20100101 Firefox/96.0
1878654,rotate,15660,2603:9000:b00b:a000:71ae:eb79:46d3:d3a0,CHgHv...,2022-01-31 23:14:58 UTC,/notifications,Mozilla/5.0 (X11; Ubuntu; Linux x86_64; rv:96.0) Gecko/20100101 Firefox/96.0
1859230,rotate,15660,2603:9000:b00b:a000:503f:a103:b341:bd44,mDDaS...,2022-01-23 15:56:23 UTC,/notifications,Mozilla/5.0 (X11; Ubuntu; Linux x86_64; rv:96.0) Gecko/20100101 Firefox/96.0
1878735,rotate,15660,2603:9000:b00b:a000:71ae:eb79:46d3:d3a0,UBXxD...,2022-02-01 00:18:09 UTC,/notifications,Mozilla/5.0 (X11; Ubuntu; Linux x86_64; rv:96.0) Gecko/20100101 Firefox/96.0
1878747,rotate,15660,2603:9000:b00b:a000:71ae:eb79:46d3:d3a0,cGoL9...,2022-02-01 00:28:10 UTC,/drafts.json,Mozilla/5.0 (X11; Ubuntu; Linux x86_64; rv:96.0) Gecko/20100101 Firefox/96.0
1859426,rotate,15660,2603:9000:b00b:a000:503f:a103:b341:bd44,j8EZo...,2022-01-23 17:44:38 UTC,/notifications,Mozilla/5.0 (X11; Ubuntu; Linux x86_64; rv:96.0) Gecko/20100101 Firefox/96.0
1878756,rotate,15660,2603:9000:b00b:a000:71ae:eb79:46d3:d3a0,UqZFO...,2022-02-01 00:38:38 UTC,/drafts.json,Mozilla/5.0 (X11; Ubuntu; Linux x86_64; rv:96.0) Gecko/20100101 Firefox/96.0
1878764,rotate,15660,2603:9000:b00b:a000:71ae:eb79:46d3:d3a0,uiZNM...,2022-02-01 00:48:44 UTC,/presence/update,Mozilla/5.0 (X11; Ubuntu; Linux x86_64; rv:96.0) Gecko/20100101 Firefox/96.0
1878821,rotate,15660,2603:9000:b00b:a000:71ae:eb79:46d3:d3a0,8/8I1...,2022-02-01 01:23:22 UTC,/notifications,Mozilla/5.0 (X11; Ubuntu; Linux x86_64; rv:96.0) Gecko/20100101 Firefox/96.0
1878922,rotate,15660,2603:9000:b00b:a000:71ae:eb79:46d3:d3a0,gX/OQ...,2022-02-01 02:27:07 UTC,/t/kevin-gilds-dailies/73794/17,Mozilla/5.0 (X11; Ubuntu; Linux x86_64; rv:96.0) Gecko/20100101 Firefox/96.0
1878969,rotate,15660,2603:9000:b00b:a000:71ae:eb79:46d3:d3a0,DnLDT...,2022-02-01 02:46:56 UTC,/c/dailies/6/l/latest.json,Mozilla/5.0 (X11; Ubuntu; Linux x86_64; rv:96.0) Gecko/20100101 Firefox/96.0
1860205,rotate,15660,2603:9000:b00b:a000:503f:a103:b341:bd44,Jiazs...,2022-01-24 01:04:12 UTC,/extra-locales/overrides,Mozilla/5.0 (X11; Ubuntu; Linux x86_64; rv:96.0) Gecko/20100101 Firefox/96.0
1860235,rotate,15660,2603:9000:b00b:a000:503f:a103:b341:bd44,3KHds...,2022-01-24 01:28:05 UTC,/drafts.json,Mozilla/5.0 (X11; Ubuntu; Linux x86_64; rv:96.0) Gecko/20100101 Firefox/96.0
1860219,rotate,15660,2603:9000:b00b:a000:503f:a103:b341:bd44,fqFDo...,2022-01-24 01:17:58 UTC,/c/dailies/6/l/latest.json,Mozilla/5.0 (X11; Ubuntu; Linux x86_64; rv:96.0) Gecko/20100101 Firefox/96.0
1860377,rotate,15660,2603:9000:b00b:a000:503f:a103:b341:bd44,wSRzP...,2022-01-24 02:48:59 UTC,/notifications,Mozilla/5.0 (X11; Ubuntu; Linux x86_64; rv:96.0) Gecko/20100101 Firefox/96.0
1860732,rotate,15660,2603:9000:b00b:a000:d55f:33f0:de01:4a17,674ZM...,2022-01-24 10:21:01 UTC,/extra-locales/overrides,Mozilla/5.0 (X11; Ubuntu; Linux x86_64; rv:96.0) Gecko/20100101 Firefox/96.0
1860770,rotate,15660,2603:9000:b00b:a000:d55f:33f0:de01:4a17,OiZ9Q...,2022-01-24 11:26:30 UTC,/t/73241/5.json,Mozilla/5.0 (X11; Ubuntu; Linux x86_64; rv:96.0) Gecko/20100101 Firefox/96.0
1860778,rotate,15660,2603:9000:b00b:a000:d55f:33f0:de01:4a17,2Ip5g...,2022-01-24 11:36:31 UTC,/drafts.json,Mozilla/5.0 (X11; Ubuntu; Linux x86_64; rv:96.0) Gecko/20100101 Firefox/96.0
1891059,rotate,15660,2603:9000:b00b:a000:8ee3:bfea:7dc9:1065,f9H7W...,2022-02-06 14:05:27 UTC,/notifications,Mozilla/5.0 (X11; Ubuntu; Linux x86_64; rv:96.0) Gecko/20100101 Firefox/96.0
1861007,rotate,15660,2603:9000:b00b:a000:d55f:33f0:de01:4a17,+bAcq...,2022-01-24 14:20:02 UTC,/extra-locales/overrides,Mozilla/5.0 (X11; Ubuntu; Linux x86_64; rv:96.0) Gecko/20100101 Firefox/96.0
1879561,rotate,15660,2603:9000:b00b:a000:71ae:eb79:46d3:d3a0,otQ3w...,2022-02-01 10:30:03 UTC,/notifications,Mozilla/5.0 (X11; Ubuntu; Linux x86_64; rv:96.0) Gecko/20100101 Firefox/96.0
1879592,rotate,15660,2603:9000:b00b:a000:71ae:eb79:46d3:d3a0,roHUT...,2022-02-01 11:06:46 UTC,/notifications,Mozilla/5.0 (X11; Ubuntu; Linux x86_64; rv:96.0) Gecko/20100101 Firefox/96.0
1879602,rotate,15660,2603:9000:b00b:a000:71ae:eb79:46d3:d3a0,jb/fO...,2022-02-01 11:17:01 UTC,/topics/timings,Mozilla/5.0 (X11; Ubuntu; Linux x86_64; rv:96.0) Gecko/20100101 Firefox/96.0
1879605,rotate,15660,2603:9000:b00b:a000:71ae:eb79:46d3:d3a0,dbkmF...,2022-02-01 11:18:11 UTC,/categories.json,Mozilla/5.0 (X11; Ubuntu; Linux x86_64; rv:96.0) Gecko/20100101 Firefox/96.0
1861756,rotate,15660,2603:9000:b00b:a000:d55f:33f0:de01:4a17,wUYCy...,2022-01-24 18:40:37 UTC,/extra-locales/overrides,Mozilla/5.0 (X11; Ubuntu; Linux x86_64; rv:96.0) Gecko/20100101 Firefox/96.0
1862273,rotate,15660,2603:9000:b00b:a000:d55f:33f0:de01:4a17,gUsxe...,2022-01-24 21:36:33 UTC,/extra-locales/overrides,Mozilla/5.0 (X11; Ubuntu; Linux x86_64; rv:96.0) Gecko/20100101 Firefox/96.0
1862279,rotate,15660,2603:9000:b00b:a000:d55f:33f0:de01:4a17,dkEOV...,2022-01-24 21:38:31 UTC,/topics/timings,Mozilla/5.0 (X11; Ubuntu; Linux x86_64; rv:96.0) Gecko/20100101 Firefox/96.0
1862289,rotate,15660,2603:9000:b00b:a000:d55f:33f0:de01:4a17,cOUSt...,2022-01-24 21:41:30 UTC,/topics/timings,Mozilla/5.0 (X11; Ubuntu; Linux x86_64; rv:96.0) Gecko/20100101 Firefox/96.0
1862291,rotate,15660,2603:9000:b00b:a000:d55f:33f0:de01:4a17,63oB/...,2022-01-24 21:42:30 UTC,/topics/timings,Mozilla/5.0 (X11; Ubuntu; Linux x86_64; rv:96.0) Gecko/20100101 Firefox/96.0
1862282,rotate,15660,2603:9000:b00b:a000:d55f:33f0:de01:4a17,1kgUt...,2022-01-24 21:39:31 UTC,/topics/timings,Mozilla/5.0 (X11; Ubuntu; Linux x86_64; rv:96.0) Gecko/20100101 Firefox/96.0
1862530,rotate,15660,2603:9000:b00b:a000:d55f:33f0:de01:4a17,rMn84...,2022-01-24 23:39:23 UTC,/notifications,Mozilla/5.0 (X11; Ubuntu; Linux x86_64; rv:96.0) Gecko/20100101 Firefox/96.0
1862550,rotate,15660,2603:9000:b00b:a000:d55f:33f0:de01:4a17,e1kg7...,2022-01-24 23:49:30 UTC,/drafts.json,Mozilla/5.0 (X11; Ubuntu; Linux x86_64; rv:96.0) Gecko/20100101 Firefox/96.0
1862574,rotate,15660,2603:9000:b00b:a000:d55f:33f0:de01:4a17,SlJ2y...,2022-01-24 23:59:31 UTC,/notifications,Mozilla/5.0 (X11; Ubuntu; Linux x86_64; rv:96.0) Gecko/20100101 Firefox/96.0
1862715,rotate,15660,2603:9000:b00b:a000:d55f:33f0:de01:4a17,+KObS...,2022-01-25 00:56:19 UTC,/t/dani-burhop-dailies/73805/5,Mozilla/5.0 (X11; Ubuntu; Linux x86_64; rv:96.0) Gecko/20100101 Firefox/96.0
1862742,rotate,15660,2603:9000:b00b:a000:d55f:33f0:de01:4a17,F0BdT...,2022-01-25 01:07:20 UTC,/extra-locales/overrides,Mozilla/5.0 (X11; Ubuntu; Linux x86_64; rv:96.0) Gecko/20100101 Firefox/96.0
1862765,rotate,15660,2603:9000:b00b:a000:d55f:33f0:de01:4a17,s/+V5...,2022-01-25 01:13:13 UTC,/t/writing-prompt-for-this-week/74483,Mozilla/5.0 (X11; Ubuntu; Linux x86_64; rv:96.0) Gecko/20100101 Firefox/96.0
1862751,rotate,15660,2603:9000:b00b:a000:d55f:33f0:de01:4a17,IKsOv...,2022-01-25 01:08:37 UTC,/topics/timings,Mozilla/5.0 (X11; Ubuntu; Linux x86_64; rv:96.0) Gecko/20100101 Firefox/96.0
1862820,rotate,15660,2603:9000:b00b:a000:d55f:33f0:de01:4a17,bRANR...,2022-01-25 01:31:29 UTC,/c/dailies/6,Mozilla/5.0 (X11; Ubuntu; Linux x86_64; rv:96.0) Gecko/20100101 Firefox/96.0
1862861,rotate,15660,2603:9000:b00b:a000:d55f:33f0:de01:4a17,imlP+...,2022-01-25 01:45:19 UTC,/c/dailies/6,Mozilla/5.0 (X11; Ubuntu; Linux x86_64; rv:96.0) Gecko/20100101 Firefox/96.0
1862909,rotate,15660,2603:9000:b00b:a000:d55f:33f0:de01:4a17,mE6o8...,2022-01-25 02:02:35 UTC,/topics/timings,Mozilla/5.0 (X11; Ubuntu; Linux x86_64; rv:96.0) Gecko/20100101 Firefox/96.0
1862913,rotate,15660,2603:9000:b00b:a000:d55f:33f0:de01:4a17,ZE/Di...,2022-01-25 02:03:39 UTC,/topics/timings,Mozilla/5.0 (X11; Ubuntu; Linux x86_64; rv:96.0) Gecko/20100101 Firefox/96.0
1862918,rotate,15660,2603:9000:b00b:a000:d55f:33f0:de01:4a17,4iEUK...,2022-01-25 02:04:42 UTC,/topics/timings,Mozilla/5.0 (X11; Ubuntu; Linux x86_64; rv:96.0) Gecko/20100101 Firefox/96.0
1863000,rotate,15660,2603:9000:b00b:a000:c58c:634a:a56a:8304,H1ZJI...,2022-01-25 02:34:33 UTC,/categories.json,Mozilla/5.0 (X11; Ubuntu; Linux x86_64; rv:96.0) Gecko/20100101 Firefox/96.0
1863561,rotate,15660,2603:9000:b00b:a000:c58c:634a:a56a:8304,PcAft...,2022-01-25 10:26:15 UTC,/extra-locales/overrides,Mozilla/5.0 (X11; Ubuntu; Linux x86_64; rv:96.0) Gecko/20100101 Firefox/96.0
1863601,rotate,15660,2603:9000:b00b:a000:c58c:634a:a56a:8304,GLu2y...,2022-01-25 11:10:50 UTC,/categories.json,Mozilla/5.0 (X11; Ubuntu; Linux x86_64; rv:96.0) Gecko/20100101 Firefox/96.0
1863630,rotate,15660,2603:9000:b00b:a000:c58c:634a:a56a:8304,uyQrF...,2022-01-25 11:47:11 UTC,/notifications,Mozilla/5.0 (X11; Ubuntu; Linux x86_64; rv:96.0) Gecko/20100101 Firefox/96.0
1863637,rotate,15660,2603:9000:b00b:a000:c58c:634a:a56a:8304,kgovC...,2022-01-25 11:59:20 UTC,/topics/timings,Mozilla/5.0 (X11; Ubuntu; Linux x86_64; rv:96.0) Gecko/20100101 Firefox/96.0
1863638,rotate,15660,2603:9000:b00b:a000:c58c:634a:a56a:8304,q1uGV...,2022-01-25 12:00:20 UTC,/topics/timings,Mozilla/5.0 (X11; Ubuntu; Linux x86_64; rv:96.0) Gecko/20100101 Firefox/96.0
1863639,rotate,15660,2603:9000:b00b:a000:c58c:634a:a56a:8304,SNNNm...,2022-01-25 12:01:21 UTC,/presence/update,Mozilla/5.0 (X11; Ubuntu; Linux x86_64; rv:96.0) Gecko/20100101 Firefox/96.0
1890279,rotate,15660,2603:9000:b00b:a000:f51a:d82a:7719:e579,HAaMt...,2022-02-05 23:39:47 UTC,/notifications,Mozilla/5.0 (X11; Ubuntu; Linux x86_64; rv:96.0) Gecko/20100101 Firefox/96.0
1864763,rotate,15660,2603:9000:b00b:a000:b619:fab6:59f5:23b3,Hvcz/...,2022-01-25 22:21:47 UTC,/extra-locales/overrides,Mozilla/5.0 (X11; Ubuntu; Linux x86_64; rv:96.0) Gecko/20100101 Firefox/96.0
1881086,rotate,15660,2603:9000:b00b:a000:f5e8:4d8b:2f4a:61d4,FwCAl...,2022-02-02 00:05:42 UTC,/topics/timings,Mozilla/5.0 (X11; Ubuntu; Linux x86_64; rv:96.0) Gecko/20100101 Firefox/96.0
1881090,rotate,15660,2603:9000:b00b:a000:f5e8:4d8b:2f4a:61d4,P3+cn...,2022-02-02 00:06:43 UTC,/topics/timings,Mozilla/5.0 (X11; Ubuntu; Linux x86_64; rv:96.0) Gecko/20100101 Firefox/96.0
1864860,rotate,15660,2603:9000:b00b:a000:b619:fab6:59f5:23b3,UiP62...,2022-01-25 23:39:57 UTC,/extra-locales/overrides,Mozilla/5.0 (X11; Ubuntu; Linux x86_64; rv:96.0) Gecko/20100101 Firefox/96.0
1881085,rotate,15660,2603:9000:b00b:a000:f5e8:4d8b:2f4a:61d4,QINz8...,2022-02-02 00:04:16 UTC,/extra-locales/overrides,Mozilla/5.0 (X11; Ubuntu; Linux x86_64; rv:96.0) Gecko/20100101 Firefox/96.0
1864878,rotate,15660,2603:9000:b00b:a000:b619:fab6:59f5:23b3,Tt/3k...,2022-01-25 23:52:48 UTC,/extra-locales/overrides,Mozilla/5.0 (X11; Ubuntu; Linux x86_64; rv:96.0) Gecko/20100101 Firefox/96.0
1864894,rotate,15660,2603:9000:b00b:a000:b619:fab6:59f5:23b3,RxHhM...,2022-01-26 00:00:03 UTC,/c/dailies/6/l/unread.json,Mozilla/5.0 (X11; Ubuntu; Linux x86_64; rv:96.0) Gecko/20100101 Firefox/96.0
1864882,rotate,15660,2603:9000:b00b:a000:b619:fab6:59f5:23b3,AxJeI...,2022-01-25 23:54:05 UTC,/topics/timings,Mozilla/5.0 (X11; Ubuntu; Linux x86_64; rv:96.0) Gecko/20100101 Firefox/96.0
1864885,rotate,15660,2603:9000:b00b:a000:b619:fab6:59f5:23b3,YFifq...,2022-01-25 23:55:26 UTC,/topics/timings,Mozilla/5.0 (X11; Ubuntu; Linux x86_64; rv:96.0) Gecko/20100101 Firefox/96.0
1864924,rotate,15660,2603:9000:b00b:a000:a624:85af:e6f3:47ba,Fqbzb...,2022-01-26 00:27:26 UTC,/presence/update,Mozilla/5.0 (X11; Ubuntu; Linux x86_64; rv:96.0) Gecko/20100101 Firefox/96.0
1865010,rotate,15660,2603:9000:b00b:a000:a624:85af:e6f3:47ba,bsjlA...,2022-01-26 01:16:46 UTC,/notifications,Mozilla/5.0 (X11; Ubuntu; Linux x86_64; rv:96.0) Gecko/20100101 Firefox/96.0
1888783,rotate,15660,2603:9000:b00b:a000:c70f:68bf:9fad:b0bd,rcKJ8...,2022-02-05 02:47:29 UTC,/extra-locales/overrides,Mozilla/5.0 (X11; Ubuntu; Linux x86_64; rv:96.0) Gecko/20100101 Firefox/96.0
1888785,rotate,15660,2603:9000:b00b:a000:c70f:68bf:9fad:b0bd,EVDp2...,2022-02-05 02:48:53 UTC,/topics/timings,Mozilla/5.0 (X11; Ubuntu; Linux x86_64; rv:96.0) Gecko/20100101 Firefox/96.0
1888790,rotate,15660,2603:9000:b00b:a000:c70f:68bf:9fad:b0bd,WaaHz...,2022-02-05 02:51:23 UTC,/categories.json,Mozilla/5.0 (X11; Ubuntu; Linux x86_64; rv:96.0) Gecko/20100101 Firefox/96.0
1888816,rotate,15660,2603:9000:b00b:a000:c70f:68bf:9fad:b0bd,5IIXS...,2022-02-05 03:09:27 UTC,/bookmarks.json,Mozilla/5.0 (X11; Ubuntu; Linux x86_64; rv:96.0) Gecko/20100101 Firefox/96.0
1865734,rotate,15660,2603:9000:b00b:a000:a624:85af:e6f3:47ba,gylyM...,2022-01-26 10:04:49 UTC,/notifications,Mozilla/5.0 (X11; Ubuntu; Linux x86_64; rv:96.0) Gecko/20100101 Firefox/96.0
1865846,rotate,15660,2603:9000:b00b:a000:a624:85af:e6f3:47ba,mhZ5j...,2022-01-26 12:04:45 UTC,/extra-locales/overrides,Mozilla/5.0 (X11; Ubuntu; Linux x86_64; rv:96.0) Gecko/20100101 Firefox/96.0
1881364,rotate,15660,2603:9000:b00b:a000:f5e8:4d8b:2f4a:61d4,YAbgO...,2022-02-02 02:24:00 UTC,/notifications,Mozilla/5.0 (X11; Ubuntu; Linux x86_64; rv:96.0) Gecko/20100101 Firefox/96.0
1890895,rotate,15660,2603:9000:b00b:a000:f51a:d82a:7719:e579,8f2JM...,2022-02-06 11:33:58 UTC,/notifications,Mozilla/5.0 (X11; Ubuntu; Linux x86_64; rv:96.0) Gecko/20100101 Firefox/96.0
1926239,rotate,16473,2603:9000:b00b:a000:565:109:dbcc:30d2,V2zUH...,2022-02-25 17:16:55 UTC,/t/73338/posts.json,Mozilla/5.0 (X11; Ubuntu; Linux x86_64; rv:96.0) Gecko/20100101 Firefox/96.0
1926292,rotate,16473,2603:9000:b00b:a000:565:109:dbcc:30d2,z46OT...,2022-02-25 18:01:08 UTC,/t/73338/posts.json,Mozilla/5.0 (X11; Ubuntu; Linux x86_64; rv:96.0) Gecko/20100101 Firefox/96.0
1891978,rotate,15660,2603:9000:b00b:a000:8ee3:bfea:7dc9:1065,kFwEn...,2022-02-06 23:36:49 UTC,/t/73794/posts.json,Mozilla/5.0 (X11; Ubuntu; Linux x86_64; rv:96.0) Gecko/20100101 Firefox/96.0
1926331,rotate,16473,2603:9000:b00b:a000:565:109:dbcc:30d2,ubIir...,2022-02-25 18:33:44 UTC,/notifications,Mozilla/5.0 (X11; Ubuntu; Linux x86_64; rv:96.0) Gecko/20100101 Firefox/96.0
1926414,rotate,16473,2603:9000:b00b:a000:565:109:dbcc:30d2,kNyx1...,2022-02-25 19:25:53 UTC,/topics/timings,Mozilla/5.0 (X11; Ubuntu; Linux x86_64; rv:96.0) Gecko/20100101 Firefox/96.0
1892268,rotate,15660,2603:9000:b00b:a000:8357:375d:f138:3d9e,oxyvO...,2022-02-07 02:26:43 UTC,/notifications,Mozilla/5.0 (X11; Ubuntu; Linux x86_64; rv:96.0) Gecko/20100101 Firefox/96.0
1892280,rotate,15660,2603:9000:b00b:a000:8357:375d:f138:3d9e,ccU5C...,2022-02-07 02:38:14 UTC,/drafts.json,Mozilla/5.0 (X11; Ubuntu; Linux x86_64; rv:96.0) Gecko/20100101 Firefox/96.0
1892293,rotate,15660,2603:9000:b00b:a000:8357:375d:f138:3d9e,reYDM...,2022-02-07 02:48:16 UTC,/presence/update,Mozilla/5.0 (X11; Ubuntu; Linux x86_64; rv:96.0) Gecko/20100101 Firefox/96.0
1892310,rotate,15660,2603:9000:b00b:a000:8357:375d:f138:3d9e,WOONW...,2022-02-07 02:58:21 UTC,/presence/update,Mozilla/5.0 (X11; Ubuntu; Linux x86_64; rv:96.0) Gecko/20100101 Firefox/96.0
1892784,rotate,15660,2603:9000:b00b:a000:8357:375d:f138:3d9e,yqKvd...,2022-02-07 10:59:44 UTC,/drafts.json,Mozilla/5.0 (X11; Ubuntu; Linux x86_64; rv:96.0) Gecko/20100101 Firefox/96.0
1892779,rotate,15660,2603:9000:b00b:a000:8357:375d:f138:3d9e,B81gZ...,2022-02-07 10:48:21 UTC,/extra-locales/overrides,Mozilla/5.0 (X11; Ubuntu; Linux x86_64; rv:96.0) Gecko/20100101 Firefox/96.0
1892791,rotate,15660,2603:9000:b00b:a000:8357:375d:f138:3d9e,RyAMc...,2022-02-07 11:09:44 UTC,/drafts.json,Mozilla/5.0 (X11; Ubuntu; Linux x86_64; rv:96.0) Gecko/20100101 Firefox/96.0
1892780,rotate,15660,2603:9000:b00b:a000:8357:375d:f138:3d9e,rwVXy...,2022-02-07 10:49:25 UTC,/presence/update,Mozilla/5.0 (X11; Ubuntu; Linux x86_64; rv:96.0) Gecko/20100101 Firefox/96.0
1892809,rotate,15660,2603:9000:b00b:a000:8357:375d:f138:3d9e,G5yuH...,2022-02-07 11:20:00 UTC,/drafts.json,Mozilla/5.0 (X11; Ubuntu; Linux x86_64; rv:96.0) Gecko/20100101 Firefox/96.0
1892818,rotate,15660,2603:9000:b00b:a000:8357:375d:f138:3d9e,eCDY7...,2022-02-07 11:36:45 UTC,/notifications,Mozilla/5.0 (X11; Ubuntu; Linux x86_64; rv:96.0) Gecko/20100101 Firefox/96.0
1926641,rotate,16473,2603:9000:b00b:a000:565:109:dbcc:30d2,yiOqb...,2022-02-25 22:58:35 UTC,/notifications,Mozilla/5.0 (X11; Ubuntu; Linux x86_64; rv:96.0) Gecko/20100101 Firefox/96.0
1892970,rotate,15660,2603:9000:b00b:a000:8357:375d:f138:3d9e,TSXgb...,2022-02-07 14:01:25 UTC,/t/72310/posts.json,Mozilla/5.0 (X11; Ubuntu; Linux x86_64; rv:96.0) Gecko/20100101 Firefox/96.0
1926765,rotate,16473,2603:9000:b00b:a000:3384:c953:bd3a:e544,vZ9G1...,2022-02-26 01:03:58 UTC,/notifications,Mozilla/5.0 (X11; Ubuntu; Linux x86_64; rv:96.0) Gecko/20100101 Firefox/96.0
1926828,rotate,16473,2603:9000:b00b:a000:3384:c953:bd3a:e544,KOKz7...,2022-02-26 01:54:11 UTC,/categories.json,Mozilla/5.0 (X11; Ubuntu; Linux x86_64; rv:96.0) Gecko/20100101 Firefox/96.0
1893297,rotate,15660,2603:9000:b00b:a000:8357:375d:f138:3d9e,KXzza...,2022-02-07 16:42:08 UTC,/t/72310/posts.json,Mozilla/5.0 (X11; Ubuntu; Linux x86_64; rv:96.0) Gecko/20100101 Firefox/96.0
1926869,rotate,16473,2603:9000:b00b:a000:3384:c953:bd3a:e544,G73pw...,2022-02-26 02:26:02 UTC,/categories.json,Mozilla/5.0 (X11; Ubuntu; Linux x86_64; rv:96.0) Gecko/20100101 Firefox/96.0
1926878,rotate,16473,2603:9000:b00b:a000:3384:c953:bd3a:e544,dOCQO...,2022-02-26 02:36:47 UTC,/drafts.json,Mozilla/5.0 (X11; Ubuntu; Linux x86_64; rv:96.0) Gecko/20100101 Firefox/96.0
1926889,rotate,16473,2603:9000:b00b:a000:3384:c953:bd3a:e544,R58iK...,2022-02-26 02:46:49 UTC,/presence/update,Mozilla/5.0 (X11; Ubuntu; Linux x86_64; rv:96.0) Gecko/20100101 Firefox/96.0
1926902,rotate,16473,2603:9000:b00b:a000:3384:c953:bd3a:e544,T48zn...,2022-02-26 02:56:50 UTC,/presence/update,Mozilla/5.0 (X11; Ubuntu; Linux x86_64; rv:96.0) Gecko/20100101 Firefox/96.0
1893873,rotate,15660,2603:9000:b00b:a000:8357:375d:f138:3d9e,2qLiw...,2022-02-07 22:14:24 UTC,/notifications,Mozilla/5.0 (X11; Ubuntu; Linux x86_64; rv:96.0) Gecko/20100101 Firefox/96.0
1894072,rotate,15660,2603:9000:b00b:a000:176d:96b4:1b58:2130,LonMk...,2022-02-08 00:29:49 UTC,/notifications,Mozilla/5.0 (X11; Ubuntu; Linux x86_64; rv:96.0) Gecko/20100101 Firefox/96.0
1894092,rotate,15660,2603:9000:b00b:a000:176d:96b4:1b58:2130,nS+6d...,2022-02-08 00:54:55 UTC,/t/61070/266.json,Mozilla/5.0 (X11; Ubuntu; Linux x86_64; rv:96.0) Gecko/20100101 Firefox/96.0
1894143,rotate,15660,2603:9000:b00b:a000:176d:96b4:1b58:2130,y1H3c...,2022-02-08 01:41:10 UTC,/notifications,Mozilla/5.0 (X11; Ubuntu; Linux x86_64; rv:96.0) Gecko/20100101 Firefox/96.0
1894160,rotate,15660,2603:9000:b00b:a000:176d:96b4:1b58:2130,3IFkh...,2022-02-08 01:51:17 UTC,/drafts.json,Mozilla/5.0 (X11; Ubuntu; Linux x86_64; rv:96.0) Gecko/20100101 Firefox/96.0
1927264,rotate,16473,2603:9000:b00b:a000:3384:c953:bd3a:e544,78F5O...,2022-02-26 10:57:03 UTC,/extra-locales/overrides,Mozilla/5.0 (X11; Ubuntu; Linux x86_64; rv:96.0) Gecko/20100101 Firefox/96.0
1927277,rotate,16473,2603:9000:b00b:a000:3384:c953:bd3a:e544,8+2iA...,2022-02-26 11:37:56 UTC,/unread.json,Mozilla/5.0 (X11; Ubuntu; Linux x86_64; rv:96.0) Gecko/20100101 Firefox/96.0
1927281,rotate,16473,2603:9000:b00b:a000:3384:c953:bd3a:e544,m3JpM...,2022-02-26 11:52:23 UTC,/notifications,Mozilla/5.0 (X11; Ubuntu; Linux x86_64; rv:96.0) Gecko/20100101 Firefox/96.0
1927289,rotate,16473,2603:9000:b00b:a000:3384:c953:bd3a:e544,KjX3Y...,2022-02-26 12:34:02 UTC,/notifications,Mozilla/5.0 (X11; Ubuntu; Linux x86_64; rv:96.0) Gecko/20100101 Firefox/96.0
1894672,rotate,15660,2603:9000:b00b:a000:176d:96b4:1b58:2130,kT1x/...,2022-02-08 10:04:21 UTC,/notifications,Mozilla/5.0 (X11; Ubuntu; Linux x86_64; rv:96.0) Gecko/20100101 Firefox/96.0
1894710,rotate,15660,2603:9000:b00b:a000:176d:96b4:1b58:2130,ygVwB...,2022-02-08 10:48:58 UTC,/service-worker.js,Mozilla/5.0 (X11; Ubuntu; Linux x86_64; rv:96.0) Gecko/20100101 Firefox/96.0
1894745,rotate,15660,2603:9000:b00b:a000:176d:96b4:1b58:2130,z9/p2...,2022-02-08 11:19:36 UTC,/topics/timings,Mozilla/5.0 (X11; Ubuntu; Linux x86_64; rv:96.0) Gecko/20100101 Firefox/96.0
1894747,rotate,15660,2603:9000:b00b:a000:176d:96b4:1b58:2130,FLcr8...,2022-02-08 11:20:46 UTC,/topics/timings,Mozilla/5.0 (X11; Ubuntu; Linux x86_64; rv:96.0) Gecko/20100101 Firefox/96.0
1894749,rotate,15660,2603:9000:b00b:a000:176d:96b4:1b58:2130,eUAd/...,2022-02-08 11:22:17 UTC,/topics/timings,Mozilla/5.0 (X11; Ubuntu; Linux x86_64; rv:96.0) Gecko/20100101 Firefox/96.0
1894751,rotate,15660,2603:9000:b00b:a000:176d:96b4:1b58:2130,050WC...,2022-02-08 11:23:23 UTC,/topics/timings,Mozilla/5.0 (X11; Ubuntu; Linux x86_64; rv:96.0) Gecko/20100101 Firefox/96.0
1894752,rotate,15660,2603:9000:b00b:a000:176d:96b4:1b58:2130,vLTjm...,2022-02-08 11:24:43 UTC,/topics/timings,Mozilla/5.0 (X11; Ubuntu; Linux x86_64; rv:96.0) Gecko/20100101 Firefox/96.0
1894754,rotate,15660,2603:9000:b00b:a000:176d:96b4:1b58:2130,ZMA6M...,2022-02-08 11:25:43 UTC,/topics/timings,Mozilla/5.0 (X11; Ubuntu; Linux x86_64; rv:96.0) Gecko/20100101 Firefox/96.0
1894759,rotate,15660,2603:9000:b00b:a000:176d:96b4:1b58:2130,bnDCF...,2022-02-08 11:26:52 UTC,/topics/timings,Mozilla/5.0 (X11; Ubuntu; Linux x86_64; rv:96.0) Gecko/20100101 Firefox/96.0
1894763,rotate,15660,2603:9000:b00b:a000:176d:96b4:1b58:2130,gB2TL...,2022-02-08 11:28:22 UTC,/t/73241/posts.json,Mozilla/5.0 (X11; Ubuntu; Linux x86_64; rv:96.0) Gecko/20100101 Firefox/96.0
1894780,rotate,15660,2603:9000:b00b:a000:176d:96b4:1b58:2130,xXUBR...,2022-02-08 11:40:13 UTC,/topics/timings,Mozilla/5.0 (X11; Ubuntu; Linux x86_64; rv:96.0) Gecko/20100101 Firefox/96.0
1894779,rotate,15660,2603:9000:b00b:a000:176d:96b4:1b58:2130,Dv7I+...,2022-02-08 11:39:13 UTC,/topics/timings,Mozilla/5.0 (X11; Ubuntu; Linux x86_64; rv:96.0) Gecko/20100101 Firefox/96.0
1894782,rotate,15660,2603:9000:b00b:a000:176d:96b4:1b58:2130,FXrm5...,2022-02-08 11:41:59 UTC,/topics/timings,Mozilla/5.0 (X11; Ubuntu; Linux x86_64; rv:96.0) Gecko/20100101 Firefox/96.0
1895074,rotate,15660,2603:9000:b00b:a000:176d:96b4:1b58:2130,umIIy...,2022-02-08 15:12:49 UTC,/posts/403108,Mozilla/5.0 (X11; Ubuntu; Linux x86_64; rv:96.0) Gecko/20100101 Firefox/96.0
1895092,rotate,15660,2603:9000:b00b:a000:176d:96b4:1b58:2130,PVEQj...,2022-02-08 15:27:06 UTC,/t/60982/posts.json,Mozilla/5.0 (X11; Ubuntu; Linux x86_64; rv:96.0) Gecko/20100101 Firefox/96.0
1895587,rotate,15660,2603:9000:b00b:a000:176d:96b4:1b58:2130,KJiD3...,2022-02-08 20:21:29 UTC,/t/60982/posts.json,Mozilla/5.0 (X11; Ubuntu; Linux x86_64; rv:96.0) Gecko/20100101 Firefox/96.0
1895760,rotate,15660,2603:9000:b00b:a000:176d:96b4:1b58:2130,Rt079...,2022-02-08 22:01:20 UTC,/t/60982/posts.json,Mozilla/5.0 (X11; Ubuntu; Linux x86_64; rv:96.0) Gecko/20100101 Firefox/96.0
1895831,rotate,15660,2603:9000:b00b:a000:176d:96b4:1b58:2130,Dm9+g...,2022-02-08 22:37:08 UTC,/notifications,Mozilla/5.0 (X11; Ubuntu; Linux x86_64; rv:96.0) Gecko/20100101 Firefox/96.0
1895859,rotate,15660,2603:9000:b00b:a000:f276:abe3:6251:389f,sKvHn...,2022-02-08 22:52:15 UTC,/t/tom-nealley-dailes/60982/226,Mozilla/5.0 (X11; Ubuntu; Linux x86_64; rv:96.0) Gecko/20100101 Firefox/96.0
1895932,rotate,15660,2603:9000:b00b:a000:f276:abe3:6251:389f,8UBCi...,2022-02-08 23:49:09 UTC,/notifications,Mozilla/5.0 (X11; Ubuntu; Linux x86_64; rv:96.0) Gecko/20100101 Firefox/96.0
1895992,rotate,15660,2603:9000:b00b:a000:6c2c:bf10:4523:a5f2,pgyF6...,2022-02-09 00:26:28 UTC,/t/60342/posts.json,Mozilla/5.0 (X11; Ubuntu; Linux x86_64; rv:96.0) Gecko/20100101 Firefox/96.0
1896038,rotate,15660,2603:9000:b00b:a000:6c2c:bf10:4523:a5f2,SaLnd...,2022-02-09 00:57:13 UTC,/categories.json,Mozilla/5.0 (X11; Ubuntu; Linux x86_64; rv:96.0) Gecko/20100101 Firefox/96.0
1896070,rotate,15660,2603:9000:b00b:a000:6c2c:bf10:4523:a5f2,A51at...,2022-02-09 01:07:18 UTC,/presence/update,Mozilla/5.0 (X11; Ubuntu; Linux x86_64; rv:96.0) Gecko/20100101 Firefox/96.0
1896082,rotate,15660,2603:9000:b00b:a000:6c2c:bf10:4523:a5f2,aEIK5...,2022-02-09 01:17:30 UTC,/topics/timings,Mozilla/5.0 (X11; Ubuntu; Linux x86_64; rv:96.0) Gecko/20100101 Firefox/96.0
1896083,rotate,15660,2603:9000:b00b:a000:6c2c:bf10:4523:a5f2,u2Sh4...,2022-02-09 01:18:30 UTC,/topics/timings,Mozilla/5.0 (X11; Ubuntu; Linux x86_64; rv:96.0) Gecko/20100101 Firefox/96.0
1896099,rotate,15660,2603:9000:b00b:a000:6c2c:bf10:4523:a5f2,piSpG...,2022-02-09 01:31:03 UTC,/presence/update,Mozilla/5.0 (X11; Ubuntu; Linux x86_64; rv:96.0) Gecko/20100101 Firefox/96.0
1896120,rotate,15660,2603:9000:b00b:a000:6c2c:bf10:4523:a5f2,wwHT3...,2022-02-09 01:41:12 UTC,/drafts.json,Mozilla/5.0 (X11; Ubuntu; Linux x86_64; rv:96.0) Gecko/20100101 Firefox/96.0
1896260,rotate,15660,2603:9000:b00b:a000:6c2c:bf10:4523:a5f2,VRKkU...,2022-02-09 02:39:38 UTC,/extra-locales/overrides,Mozilla/5.0 (X11; Ubuntu; Linux x86_64; rv:96.0) Gecko/20100101 Firefox/96.0
1928049,rotate,16473,2603:9000:b00b:a000:946d:8ae8:2eb0:e1b2,76xK0...,2022-02-27 01:55:08 UTC,/unread,Mozilla/5.0 (X11; Ubuntu; Linux x86_64; rv:96.0) Gecko/20100101 Firefox/96.0
1928103,rotate,16473,35.138.90.71,s6Gm6...,2022-02-27 02:37:58 UTC,/presence/update,Mozilla/5.0 (X11; Ubuntu; Linux x86_64; rv:96.0) Gecko/20100101 Firefox/96.0
1928117,rotate,16473,35.138.90.71,33IA9...,2022-02-27 02:54:02 UTC,/topics/timings,Mozilla/5.0 (X11; Ubuntu; Linux x86_64; rv:96.0) Gecko/20100101 Firefox/96.0
1896850,rotate,15660,2603:9000:b00b:a000:6c2c:bf10:4523:a5f2,zCnOS...,2022-02-09 11:28:07 UTC,/extra-locales/overrides,Mozilla/5.0 (X11; Ubuntu; Linux x86_64; rv:96.0) Gecko/20100101 Firefox/96.0
1896854,rotate,15660,2603:9000:b00b:a000:6c2c:bf10:4523:a5f2,zonpf...,2022-02-09 11:30:05 UTC,/topics/timings,Mozilla/5.0 (X11; Ubuntu; Linux x86_64; rv:96.0) Gecko/20100101 Firefox/96.0
1896858,rotate,15660,2603:9000:b00b:a000:6c2c:bf10:4523:a5f2,ydBoJ...,2022-02-09 11:31:06 UTC,/topics/timings,Mozilla/5.0 (X11; Ubuntu; Linux x86_64; rv:96.0) Gecko/20100101 Firefox/96.0
1896945,rotate,15660,2603:9000:b00b:a000:6c2c:bf10:4523:a5f2,3DS2Q...,2022-02-09 13:11:17 UTC,/t/74551/posts.json,Mozilla/5.0 (X11; Ubuntu; Linux x86_64; rv:96.0) Gecko/20100101 Firefox/96.0
1928191,rotate,16473,35.138.90.71,Qaizg...,2022-02-27 04:08:51 UTC,/notifications,Mozilla/5.0 (X11; Ubuntu; Linux x86_64; rv:96.0) Gecko/20100101 Firefox/96.0
1897059,rotate,15660,2603:9000:b00b:a000:6c2c:bf10:4523:a5f2,Hz0oh...,2022-02-09 14:24:00 UTC,/t/74551/posts.json,Mozilla/5.0 (X11; Ubuntu; Linux x86_64; rv:96.0) Gecko/20100101 Firefox/96.0
1897542,rotate,15660,2603:9000:b00b:a000:6c2c:bf10:4523:a5f2,6m+HR...,2022-02-09 17:44:17 UTC,/t/74551/posts.json,Mozilla/5.0 (X11; Ubuntu; Linux x86_64; rv:96.0) Gecko/20100101 Firefox/96.0
1928377,rotate,16473,35.138.90.71,XBLmi...,2022-02-27 11:58:43 UTC,/categories.json,Mozilla/5.0 (X11; Ubuntu; Linux x86_64; rv:96.0) Gecko/20100101 Firefox/96.0
1928386,rotate,16473,35.138.90.71,APXGo...,2022-02-27 12:20:00 UTC,/notifications,Mozilla/5.0 (X11; Ubuntu; Linux x86_64; rv:96.0) Gecko/20100101 Firefox/96.0
1928415,rotate,16473,35.138.90.71,qknHq...,2022-02-27 13:22:05 UTC,/notifications,Mozilla/5.0 (X11; Ubuntu; Linux x86_64; rv:96.0) Gecko/20100101 Firefox/96.0
1928456,rotate,16473,35.138.90.71,E6fsT...,2022-02-27 14:17:36 UTC,/t/73338/88.json,Mozilla/5.0 (X11; Ubuntu; Linux x86_64; rv:96.0) Gecko/20100101 Firefox/96.0
1898043,rotate,15660,2603:9000:b00b:a000:6c2c:bf10:4523:a5f2,1FxMZ...,2022-02-09 22:22:06 UTC,/posts/404133,Mozilla/5.0 (X11; Ubuntu; Linux x86_64; rv:96.0) Gecko/20100101 Firefox/96.0
1898132,rotate,15660,2603:9000:b00b:a000:6c2c:bf10:4523:a5f2,OMNu7...,2022-02-09 23:14:25 UTC,/topics/timings,Mozilla/5.0 (X11; Ubuntu; Linux x86_64; rv:96.0) Gecko/20100101 Firefox/96.0
1898134,rotate,15660,2603:9000:b00b:a000:6c2c:bf10:4523:a5f2,YYWb4...,2022-02-09 23:15:42 UTC,/notifications,Mozilla/5.0 (X11; Ubuntu; Linux x86_64; rv:96.0) Gecko/20100101 Firefox/96.0
1898159,rotate,15660,2603:9000:b00b:a000:6c2c:bf10:4523:a5f2,0v6Zf...,2022-02-09 23:31:58 UTC,/notifications,Mozilla/5.0 (X11; Ubuntu; Linux x86_64; rv:96.0) Gecko/20100101 Firefox/96.0
1898179,rotate,15660,2603:9000:b00b:a000:6c2c:bf10:4523:a5f2,eVq7q...,2022-02-09 23:42:03 UTC,/presence/update,Mozilla/5.0 (X11; Ubuntu; Linux x86_64; rv:96.0) Gecko/20100101 Firefox/96.0
1928579,rotate,16473,2603:9000:b00b:a000:946d:8ae8:2eb0:e1b2,0v/xs...,2022-02-27 17:01:31 UTC,/notifications,Mozilla/5.0 (X11; Ubuntu; Linux x86_64; rv:96.0) Gecko/20100101 Firefox/96.0
1898198,rotate,15660,2603:9000:b00b:a000:6c2c:bf10:4523:a5f2,5lOwD...,2022-02-09 23:52:25 UTC,/drafts.json,Mozilla/5.0 (X11; Ubuntu; Linux x86_64; rv:96.0) Gecko/20100101 Firefox/96.0
1898209,rotate,15660,2603:9000:b00b:a000:6c2c:bf10:4523:a5f2,rWI+8...,2022-02-10 00:02:25 UTC,/drafts.json,Mozilla/5.0 (X11; Ubuntu; Linux x86_64; rv:96.0) Gecko/20100101 Firefox/96.0
1898238,rotate,15660,2603:9000:b00b:a000:6c2c:bf10:4523:a5f2,UjQ3B...,2022-02-10 00:12:33 UTC,/presence/update,Mozilla/5.0 (X11; Ubuntu; Linux x86_64; rv:96.0) Gecko/20100101 Firefox/96.0
1898258,rotate,15660,2603:9000:b00b:a000:6c2c:bf10:4523:a5f2,/l72Y...,2022-02-10 00:22:47 UTC,/drafts.json,Mozilla/5.0 (X11; Ubuntu; Linux x86_64; rv:96.0) Gecko/20100101 Firefox/96.0
1898384,rotate,15660,2603:9000:b00b:a000:7ce6:43b9:a9be:c13b,qeJGt...,2022-02-10 01:40:06 UTC,/notifications,Mozilla/5.0 (X11; Ubuntu; Linux x86_64; rv:96.0) Gecko/20100101 Firefox/96.0
1898507,rotate,15660,2603:9000:b00b:a000:7ce6:43b9:a9be:c13b,YcTGt...,2022-02-10 02:34:45 UTC,/notifications,Mozilla/5.0 (X11; Ubuntu; Linux x86_64; rv:96.0) Gecko/20100101 Firefox/96.0
1898995,rotate,15660,2603:9000:b00b:a000:e3c4:502b:7c94:2f86,HRP1e...,2022-02-10 10:11:11 UTC,/extra-locales/overrides,Mozilla/5.0 (X11; Ubuntu; Linux x86_64; rv:96.0) Gecko/20100101 Firefox/96.0
1928941,rotate,16473,2603:9000:b00b:a000:946d:8ae8:2eb0:e1b2,NX+EH...,2022-02-27 21:49:59 UTC,/notifications,Mozilla/5.0 (X11; Ubuntu; Linux x86_64; rv:96.0) Gecko/20100101 Firefox/96.0
1929200,rotate,16473,2603:9000:b00b:a000:611f:ccf4:30db:468a,0vWR1...,2022-02-28 01:32:40 UTC,/bookmarks.json,Mozilla/5.0 (X11; Ubuntu; Linux x86_64; rv:96.0) Gecko/20100101 Firefox/96.0
1929211,rotate,16473,2603:9000:b00b:a000:611f:ccf4:30db:468a,pxrEa...,2022-02-28 01:43:04 UTC,/drafts.json,Mozilla/5.0 (X11; Ubuntu; Linux x86_64; rv:96.0) Gecko/20100101 Firefox/96.0
1929222,rotate,16473,2603:9000:b00b:a000:611f:ccf4:30db:468a,Kf/vL...,2022-02-28 01:56:54 UTC,/drafts.json,Mozilla/5.0 (X11; Ubuntu; Linux x86_64; rv:96.0) Gecko/20100101 Firefox/96.0
1929242,rotate,16473,2603:9000:b00b:a000:611f:ccf4:30db:468a,kHXsp...,2022-02-28 02:16:03 UTC,/drafts.json,Mozilla/5.0 (X11; Ubuntu; Linux x86_64; rv:96.0) Gecko/20100101 Firefox/96.0
1929248,rotate,16473,2603:9000:b00b:a000:611f:ccf4:30db:468a,PTI8R...,2022-02-28 02:26:47 UTC,/drafts.json,Mozilla/5.0 (X11; Ubuntu; Linux x86_64; rv:96.0) Gecko/20100101 Firefox/96.0
1900230,rotate,15660,2603:9000:b00b:a000:e3c4:502b:7c94:2f86,ZzBZ/...,2022-02-10 23:49:32 UTC,/extra-locales/overrides,Mozilla/5.0 (X11; Ubuntu; Linux x86_64; rv:96.0) Gecko/20100101 Firefox/96.0
1900231,rotate,15660,2603:9000:b00b:a000:e3c4:502b:7c94:2f86,YCXho...,2022-02-10 23:50:54 UTC,/topics/timings,Mozilla/5.0 (X11; Ubuntu; Linux x86_64; rv:96.0) Gecko/20100101 Firefox/96.0
1900280,rotate,15660,2603:9000:b00b:a000:7ea9:e51f:1ce3:a94a,8PcTk...,2022-02-11 00:30:29 UTC,/notifications,Mozilla/5.0 (X11; Ubuntu; Linux x86_64; rv:96.0) Gecko/20100101 Firefox/96.0
1900380,rotate,15660,2603:9000:b00b:a000:7ea9:e51f:1ce3:a94a,oM2Or...,2022-02-11 01:28:47 UTC,/extra-locales/overrides,Mozilla/5.0 (X11; Ubuntu; Linux x86_64; rv:96.0) Gecko/20100101 Firefox/96.0
1900399,rotate,15660,2603:9000:b00b:a000:7ea9:e51f:1ce3:a94a,vEhH3...,2022-02-11 01:38:47 UTC,/drafts.json,Mozilla/5.0 (X11; Ubuntu; Linux x86_64; rv:96.0) Gecko/20100101 Firefox/96.0
1900486,rotate,15660,2603:9000:b00b:a000:7ea9:e51f:1ce3:a94a,dxzdH...,2022-02-11 02:07:28 UTC,/notifications,Mozilla/5.0 (X11; Ubuntu; Linux x86_64; rv:96.0) Gecko/20100101 Firefox/96.0
1929541,rotate,16473,2603:9000:b00b:a000:611f:ccf4:30db:468a,gsGl3...,2022-02-28 10:08:06 UTC,/notifications,Mozilla/5.0 (X11; Ubuntu; Linux x86_64; rv:96.0) Gecko/20100101 Firefox/96.0
1901066,rotate,15660,2603:9000:b00b:a000:7ea9:e51f:1ce3:a94a,vOqno...,2022-02-11 10:22:00 UTC,/notifications,Mozilla/5.0 (X11; Ubuntu; Linux x86_64; rv:96.0) Gecko/20100101 Firefox/96.0
1902586,rotate,15660,2603:9000:b00b:a000:e9d4:cf83:17e1:71c,mPgld...,2022-02-12 02:34:36 UTC,/drafts.json,Mozilla/5.0 (X11; Ubuntu; Linux x86_64; rv:96.0) Gecko/20100101 Firefox/96.0
1902577,rotate,15660,2603:9000:b00b:a000:e9d4:cf83:17e1:71c,/RWRh...,2022-02-12 02:24:31 UTC,/notifications,Mozilla/5.0 (X11; Ubuntu; Linux x86_64; rv:96.0) Gecko/20100101 Firefox/96.0
1902596,rotate,15660,2603:9000:b00b:a000:e9d4:cf83:17e1:71c,V/rtd...,2022-02-12 02:46:43 UTC,/notifications,Mozilla/5.0 (X11; Ubuntu; Linux x86_64; rv:96.0) Gecko/20100101 Firefox/96.0
1902988,rotate,15660,2603:9000:b00b:a000:e9d4:cf83:17e1:71c,Cxkqe...,2022-02-12 10:22:34 UTC,/extra-locales/overrides,Mozilla/5.0 (X11; Ubuntu; Linux x86_64; rv:96.0) Gecko/20100101 Firefox/96.0
1903013,rotate,15660,2603:9000:b00b:a000:e9d4:cf83:17e1:71c,2oH2h...,2022-02-12 11:12:07 UTC,/notifications,Mozilla/5.0 (X11; Ubuntu; Linux x86_64; rv:96.0) Gecko/20100101 Firefox/96.0
1903259,rotate,15660,2603:9000:b00b:a000:e9d4:cf83:17e1:71c,ZlBOp...,2022-02-12 15:01:34 UTC,/topics/timings,Mozilla/5.0 (X11; Ubuntu; Linux x86_64; rv:96.0) Gecko/20100101 Firefox/96.0
1903254,rotate,15660,2603:9000:b00b:a000:e9d4:cf83:17e1:71c,1XD01...,2022-02-12 14:58:21 UTC,/extra-locales/overrides,Mozilla/5.0 (X11; Ubuntu; Linux x86_64; rv:96.0) Gecko/20100101 Firefox/96.0
1903255,rotate,15660,2603:9000:b00b:a000:e9d4:cf83:17e1:71c,u+HdD...,2022-02-12 14:59:33 UTC,/topics/timings,Mozilla/5.0 (X11; Ubuntu; Linux x86_64; rv:96.0) Gecko/20100101 Firefox/96.0
1903257,rotate,15660,2603:9000:b00b:a000:e9d4:cf83:17e1:71c,ZTOPe...,2022-02-12 15:00:34 UTC,/topics/timings,Mozilla/5.0 (X11; Ubuntu; Linux x86_64; rv:96.0) Gecko/20100101 Firefox/96.0
1903355,rotate,15660,2603:9000:b00b:a000:e9d4:cf83:17e1:71c,omjfj...,2022-02-12 16:25:30 UTC,/notifications,Mozilla/5.0 (X11; Ubuntu; Linux x86_64; rv:96.0) Gecko/20100101 Firefox/96.0
1930480,rotate,16473,2603:9000:b00b:a000:611f:ccf4:30db:468a,gMxiP...,2022-02-28 21:59:14 UTC,/unread,Mozilla/5.0 (X11; Ubuntu; Linux x86_64; rv:96.0) Gecko/20100101 Firefox/96.0
1930559,rotate,16473,2603:9000:b00b:a000:611f:ccf4:30db:468a,GDyD0...,2022-02-28 23:11:45 UTC,/notifications,Mozilla/5.0 (X11; Ubuntu; Linux x86_64; rv:96.0) Gecko/20100101 Firefox/96.0
1903786,rotate,15660,2603:9000:b00b:a000:e9d4:cf83:17e1:71c,6VAzz...,2022-02-12 23:00:15 UTC,/notifications,Mozilla/5.0 (X11; Ubuntu; Linux x86_64; rv:96.0) Gecko/20100101 Firefox/96.0
1903911,rotate,15660,2603:9000:b00b:a000:3e7f:6cb5:15b0:b23a,kmO1p...,2022-02-13 01:03:16 UTC,/extra-locales/overrides,Mozilla/5.0 (X11; Ubuntu; Linux x86_64; rv:96.0) Gecko/20100101 Firefox/96.0
1903917,rotate,15660,2603:9000:b00b:a000:3e7f:6cb5:15b0:b23a,/1WY2...,2022-02-13 01:04:37 UTC,/notifications,Mozilla/5.0 (X11; Ubuntu; Linux x86_64; rv:96.0) Gecko/20100101 Firefox/96.0
1904027,rotate,15660,2603:9000:b00b:a000:3e7f:6cb5:15b0:b23a,uzadI...,2022-02-13 02:42:34 UTC,/extra-locales/overrides,Mozilla/5.0 (X11; Ubuntu; Linux x86_64; rv:96.0) Gecko/20100101 Firefox/96.0
1904030,rotate,15660,2603:9000:b00b:a000:3e7f:6cb5:15b0:b23a,L1/10...,2022-02-13 02:43:40 UTC,/drafts.json,Mozilla/5.0 (X11; Ubuntu; Linux x86_64; rv:96.0) Gecko/20100101 Firefox/96.0
1904062,rotate,15660,2603:9000:b00b:a000:3e7f:6cb5:15b0:b23a,vj07z...,2022-02-13 02:53:44 UTC,/drafts.json,Mozilla/5.0 (X11; Ubuntu; Linux x86_64; rv:96.0) Gecko/20100101 Firefox/96.0
1930666,rotate,16473,2603:9000:b00b:a000:ac2e:83c7:7fb7:8810,xmNMS...,2022-03-01 00:43:18 UTC,/notifications,Mozilla/5.0 (X11; Ubuntu; Linux x86_64; rv:96.0) Gecko/20100101 Firefox/96.0
1930754,rotate,16473,2603:9000:b00b:a000:ac2e:83c7:7fb7:8810,UbFck...,2022-03-01 01:48:27 UTC,/notifications,Mozilla/5.0 (X11; Ubuntu; Linux x86_64; rv:96.0) Gecko/20100101 Firefox/96.0
1904424,rotate,15660,2603:9000:b00b:a000:3e7f:6cb5:15b0:b23a,GU8Ww...,2022-02-13 12:04:17 UTC,/extra-locales/overrides,Mozilla/5.0 (X11; Ubuntu; Linux x86_64; rv:96.0) Gecko/20100101 Firefox/96.0
1904513,rotate,15660,2603:9000:b00b:a000:3e7f:6cb5:15b0:b23a,h1JmF...,2022-02-13 13:40:22 UTC,/extra-locales/overrides,Mozilla/5.0 (X11; Ubuntu; Linux x86_64; rv:96.0) Gecko/20100101 Firefox/96.0
1904514,rotate,15660,2603:9000:b00b:a000:3e7f:6cb5:15b0:b23a,42/Ea...,2022-02-13 13:41:23 UTC,/drafts.json,Mozilla/5.0 (X11; Ubuntu; Linux x86_64; rv:96.0) Gecko/20100101 Firefox/96.0
1904523,rotate,15660,2603:9000:b00b:a000:3e7f:6cb5:15b0:b23a,SgG+L...,2022-02-13 13:51:32 UTC,/drafts.json,Mozilla/5.0 (X11; Ubuntu; Linux x86_64; rv:96.0) Gecko/20100101 Firefox/96.0
1904533,rotate,15660,2603:9000:b00b:a000:3e7f:6cb5:15b0:b23a,OuOxw...,2022-02-13 14:02:02 UTC,/drafts.json,Mozilla/5.0 (X11; Ubuntu; Linux x86_64; rv:96.0) Gecko/20100101 Firefox/96.0
1904552,rotate,15660,2603:9000:b00b:a000:3e7f:6cb5:15b0:b23a,ZP3CE...,2022-02-13 14:13:11 UTC,/drafts.json,Mozilla/5.0 (X11; Ubuntu; Linux x86_64; rv:96.0) Gecko/20100101 Firefox/96.0
1904567,rotate,15660,2603:9000:b00b:a000:3e7f:6cb5:15b0:b23a,D3fZA...,2022-02-13 14:29:09 UTC,/categories.json,Mozilla/5.0 (X11; Ubuntu; Linux x86_64; rv:96.0) Gecko/20100101 Firefox/96.0
1904606,rotate,15660,2603:9000:b00b:a000:3e7f:6cb5:15b0:b23a,EyZhP...,2022-02-13 14:48:38 UTC,/topics/timings,Mozilla/5.0 (X11; Ubuntu; Linux x86_64; rv:96.0) Gecko/20100101 Firefox/96.0
1904666,rotate,15660,2603:9000:b00b:a000:3e7f:6cb5:15b0:b23a,tNc6S...,2022-02-13 15:31:41 UTC,/unread.json,Mozilla/5.0 (X11; Ubuntu; Linux x86_64; rv:96.0) Gecko/20100101 Firefox/96.0
1904717,rotate,15660,2603:9000:b00b:a000:3e7f:6cb5:15b0:b23a,VslZg...,2022-02-13 16:13:37 UTC,/unread.json,Mozilla/5.0 (X11; Ubuntu; Linux x86_64; rv:96.0) Gecko/20100101 Firefox/96.0
1904738,rotate,15660,2603:9000:b00b:a000:3e7f:6cb5:15b0:b23a,O0kPW...,2022-02-13 16:25:36 UTC,/categories.json,Mozilla/5.0 (X11; Ubuntu; Linux x86_64; rv:96.0) Gecko/20100101 Firefox/96.0
1904847,rotate,15660,2603:9000:b00b:a000:3e7f:6cb5:15b0:b23a,PqkdF...,2022-02-13 17:49:06 UTC,/notifications,Mozilla/5.0 (X11; Ubuntu; Linux x86_64; rv:96.0) Gecko/20100101 Firefox/96.0
1904922,rotate,15660,2603:9000:b00b:a000:3e7f:6cb5:15b0:b23a,RqO3D...,2022-02-13 19:05:16 UTC,/notifications,Mozilla/5.0 (X11; Ubuntu; Linux x86_64; rv:96.0) Gecko/20100101 Firefox/96.0
1904938,rotate,15660,2603:9000:b00b:a000:3e7f:6cb5:15b0:b23a,Cw9t8...,2022-02-13 19:16:55 UTC,/notifications,Mozilla/5.0 (X11; Ubuntu; Linux x86_64; rv:96.0) Gecko/20100101 Firefox/96.0
1904954,rotate,15660,2603:9000:b00b:a000:3e7f:6cb5:15b0:b23a,BVtrR...,2022-02-13 19:29:44 UTC,/bookmarks.json,Mozilla/5.0 (X11; Ubuntu; Linux x86_64; rv:96.0) Gecko/20100101 Firefox/96.0
1905137,generate,16473,2603:9000:b00b:a000:af94:c5a1:133c:290c,RxXdp...,2022-02-13 21:44:59 UTC,/session/sso_login,Mozilla/5.0 (X11; Ubuntu; Linux x86_64; rv:95.0) Gecko/20100101 Firefox/95.0
1905503,rotate,16473,2603:9000:b00b:a000:7c9e:bf21:5adb:eb1d,qPX/F...,2022-02-14 03:02:39 UTC,/notifications,Mozilla/5.0 (X11; Ubuntu; Linux x86_64; rv:95.0) Gecko/20100101 Firefox/95.0
1905817,rotate,16473,2603:9000:b00b:a000:57f9:1fb4:f762:7e5d,eUgMN...,2022-02-14 10:48:58 UTC,/extra-locales/overrides,Mozilla/5.0 (X11; Ubuntu; Linux x86_64; rv:96.0) Gecko/20100101 Firefox/96.0
1905819,rotate,16473,2603:9000:b00b:a000:57f9:1fb4:f762:7e5d,SUUw3...,2022-02-14 10:50:29 UTC,/categories.json,Mozilla/5.0 (X11; Ubuntu; Linux x86_64; rv:96.0) Gecko/20100101 Firefox/96.0
1906782,rotate,16473,2603:9000:b00b:a000:57f9:1fb4:f762:7e5d,hfl9p...,2022-02-14 22:03:10 UTC,/notifications,Mozilla/5.0 (X11; Ubuntu; Linux x86_64; rv:96.0) Gecko/20100101 Firefox/96.0
1906798,rotate,16473,2603:9000:b00b:a000:57f9:1fb4:f762:7e5d,cYEF/...,2022-02-14 22:14:55 UTC,/notifications,Mozilla/5.0 (X11; Ubuntu; Linux x86_64; rv:96.0) Gecko/20100101 Firefox/96.0
1906825,rotate,16473,2603:9000:b00b:a000:57f9:1fb4:f762:7e5d,rB23h...,2022-02-14 22:27:39 UTC,/notifications,Mozilla/5.0 (X11; Ubuntu; Linux x86_64; rv:96.0) Gecko/20100101 Firefox/96.0
1906868,rotate,16473,2603:9000:b00b:a000:57f9:1fb4:f762:7e5d,lFg4+...,2022-02-14 23:02:11 UTC,/notifications,Mozilla/5.0 (X11; Ubuntu; Linux x86_64; rv:96.0) Gecko/20100101 Firefox/96.0
1907190,rotate,16473,2603:9000:b00b:a000:4c70:aa1b:c8:5647,Y6VNU...,2022-02-15 02:30:49 UTC,/extra-locales/overrides,Mozilla/5.0 (X11; Ubuntu; Linux x86_64; rv:96.0) Gecko/20100101 Firefox/96.0
1907192,rotate,16473,2603:9000:b00b:a000:4c70:aa1b:c8:5647,qDl8i...,2022-02-15 02:31:55 UTC,/t/dani-burhop-dailies/73805/57,Mozilla/5.0 (X11; Ubuntu; Linux x86_64; rv:96.0) Gecko/20100101 Firefox/96.0
1907207,rotate,16473,2603:9000:b00b:a000:4c70:aa1b:c8:5647,cdxKL...,2022-02-15 02:42:09 UTC,/drafts.json,Mozilla/5.0 (X11; Ubuntu; Linux x86_64; rv:96.0) Gecko/20100101 Firefox/96.0
1907570,rotate,16473,2603:9000:b00b:a000:4c70:aa1b:c8:5647,haKv0...,2022-02-15 10:14:18 UTC,/notifications,Mozilla/5.0 (X11; Ubuntu; Linux x86_64; rv:96.0) Gecko/20100101 Firefox/96.0
1908698,rotate,16473,2603:9000:b00b:a000:4c70:aa1b:c8:5647,MeWGP...,2022-02-15 22:38:18 UTC,/notifications,Mozilla/5.0 (X11; Ubuntu; Linux x86_64; rv:96.0) Gecko/20100101 Firefox/96.0
1908849,rotate,16473,2603:9000:b00b:a000:4c70:aa1b:c8:5647,8VzbB...,2022-02-16 00:42:45 UTC,/topics/timings,Mozilla/5.0 (X11; Ubuntu; Linux x86_64; rv:96.0) Gecko/20100101 Firefox/96.0
1908846,rotate,16473,2603:9000:b00b:a000:4c70:aa1b:c8:5647,libxx...,2022-02-16 00:41:44 UTC,/topics/timings,Mozilla/5.0 (X11; Ubuntu; Linux x86_64; rv:96.0) Gecko/20100101 Firefox/96.0
1908960,rotate,16473,2603:9000:b00b:a000:b8c:787a:2479:3ab5,w2aJT...,2022-02-16 01:38:14 UTC,/drafts/topic_73794.json,Mozilla/5.0 (X11; Ubuntu; Linux x86_64; rv:96.0) Gecko/20100101 Firefox/96.0
1908971,rotate,16473,2603:9000:b00b:a000:b8c:787a:2479:3ab5,7U3me...,2022-02-16 01:48:19 UTC,/presence/update,Mozilla/5.0 (X11; Ubuntu; Linux x86_64; rv:96.0) Gecko/20100101 Firefox/96.0
1908985,rotate,16473,2603:9000:b00b:a000:b8c:787a:2479:3ab5,cM4EJ...,2022-02-16 01:58:27 UTC,/topics/timings,Mozilla/5.0 (X11; Ubuntu; Linux x86_64; rv:96.0) Gecko/20100101 Firefox/96.0
1909538,rotate,16473,2603:9000:b00b:a000:b8c:787a:2479:3ab5,VS+RW...,2022-02-16 10:17:24 UTC,/notifications,Mozilla/5.0 (X11; Ubuntu; Linux x86_64; rv:96.0) Gecko/20100101 Firefox/96.0
1909560,rotate,16473,2603:9000:b00b:a000:b8c:787a:2479:3ab5,HqD/O...,2022-02-16 10:53:51 UTC,/notifications,Mozilla/5.0 (X11; Ubuntu; Linux x86_64; rv:96.0) Gecko/20100101 Firefox/96.0
1909565,rotate,16473,2603:9000:b00b:a000:b8c:787a:2479:3ab5,Hw/Hh...,2022-02-16 11:04:10 UTC,/topics/timings,Mozilla/5.0 (X11; Ubuntu; Linux x86_64; rv:96.0) Gecko/20100101 Firefox/96.0
1909566,rotate,16473,2603:9000:b00b:a000:b8c:787a:2479:3ab5,C4afU...,2022-02-16 11:05:18 UTC,/topics/timings,Mozilla/5.0 (X11; Ubuntu; Linux x86_64; rv:96.0) Gecko/20100101 Firefox/96.0
1909568,rotate,16473,2603:9000:b00b:a000:b8c:787a:2479:3ab5,PgSFg...,2022-02-16 11:06:22 UTC,/topics/timings,Mozilla/5.0 (X11; Ubuntu; Linux x86_64; rv:96.0) Gecko/20100101 Firefox/96.0
1909569,rotate,16473,2603:9000:b00b:a000:b8c:787a:2479:3ab5,Qie5u...,2022-02-16 11:07:39 UTC,/topics/timings,Mozilla/5.0 (X11; Ubuntu; Linux x86_64; rv:96.0) Gecko/20100101 Firefox/96.0
1909570,rotate,16473,2603:9000:b00b:a000:b8c:787a:2479:3ab5,9v7vG...,2022-02-16 11:08:40 UTC,/topics/timings,Mozilla/5.0 (X11; Ubuntu; Linux x86_64; rv:96.0) Gecko/20100101 Firefox/96.0
1909571,rotate,16473,2603:9000:b00b:a000:b8c:787a:2479:3ab5,IDgKa...,2022-02-16 11:09:40 UTC,/topics/timings,Mozilla/5.0 (X11; Ubuntu; Linux x86_64; rv:96.0) Gecko/20100101 Firefox/96.0
1909573,rotate,16473,2603:9000:b00b:a000:b8c:787a:2479:3ab5,Sq7XL...,2022-02-16 11:10:40 UTC,/topics/timings,Mozilla/5.0 (X11; Ubuntu; Linux x86_64; rv:96.0) Gecko/20100101 Firefox/96.0
1909582,rotate,16473,2603:9000:b00b:a000:b8c:787a:2479:3ab5,fjpRg...,2022-02-16 11:14:40 UTC,/topics/timings,Mozilla/5.0 (X11; Ubuntu; Linux x86_64; rv:96.0) Gecko/20100101 Firefox/96.0
1909585,rotate,16473,2603:9000:b00b:a000:b8c:787a:2479:3ab5,zotpw...,2022-02-16 11:15:40 UTC,/topics/timings,Mozilla/5.0 (X11; Ubuntu; Linux x86_64; rv:96.0) Gecko/20100101 Firefox/96.0
1909575,rotate,16473,2603:9000:b00b:a000:b8c:787a:2479:3ab5,HroJ2...,2022-02-16 11:11:40 UTC,/topics/timings,Mozilla/5.0 (X11; Ubuntu; Linux x86_64; rv:96.0) Gecko/20100101 Firefox/96.0
1909577,rotate,16473,2603:9000:b00b:a000:b8c:787a:2479:3ab5,s5KQS...,2022-02-16 11:12:40 UTC,/topics/timings,Mozilla/5.0 (X11; Ubuntu; Linux x86_64; rv:96.0) Gecko/20100101 Firefox/96.0
1909580,rotate,16473,2603:9000:b00b:a000:b8c:787a:2479:3ab5,a56DX...,2022-02-16 11:13:40 UTC,/topics/timings,Mozilla/5.0 (X11; Ubuntu; Linux x86_64; rv:96.0) Gecko/20100101 Firefox/96.0
1909588,rotate,16473,2603:9000:b00b:a000:b8c:787a:2479:3ab5,4o8CD...,2022-02-16 11:17:09 UTC,/topics/timings,Mozilla/5.0 (X11; Ubuntu; Linux x86_64; rv:96.0) Gecko/20100101 Firefox/96.0
1909591,rotate,16473,2603:9000:b00b:a000:b8c:787a:2479:3ab5,mt/vW...,2022-02-16 11:18:50 UTC,/topics/timings,Mozilla/5.0 (X11; Ubuntu; Linux x86_64; rv:96.0) Gecko/20100101 Firefox/96.0
1909592,rotate,16473,2603:9000:b00b:a000:b8c:787a:2479:3ab5,o6n3q...,2022-02-16 11:19:50 UTC,/topics/timings,Mozilla/5.0 (X11; Ubuntu; Linux x86_64; rv:96.0) Gecko/20100101 Firefox/96.0
1909593,rotate,16473,2603:9000:b00b:a000:b8c:787a:2479:3ab5,ygtK+...,2022-02-16 11:20:50 UTC,/drafts.json,Mozilla/5.0 (X11; Ubuntu; Linux x86_64; rv:96.0) Gecko/20100101 Firefox/96.0
1910887,rotate,16473,2603:9000:b00b:a000:b8c:787a:2479:3ab5,P1L/N...,2022-02-16 22:36:35 UTC,/extra-locales/overrides,Mozilla/5.0 (X11; Ubuntu; Linux x86_64; rv:96.0) Gecko/20100101 Firefox/96.0
1910890,rotate,16473,2603:9000:b00b:a000:b8c:787a:2479:3ab5,UYTHD...,2022-02-16 22:37:57 UTC,/topics/timings,Mozilla/5.0 (X11; Ubuntu; Linux x86_64; rv:96.0) Gecko/20100101 Firefox/96.0
1910893,rotate,16473,2603:9000:b00b:a000:b8c:787a:2479:3ab5,vQsGf...,2022-02-16 22:38:58 UTC,/topics/timings,Mozilla/5.0 (X11; Ubuntu; Linux x86_64; rv:96.0) Gecko/20100101 Firefox/96.0
1911131,rotate,16473,35.138.90.71,qwYU/...,2022-02-17 00:51:16 UTC,/post_actions,Mozilla/5.0 (X11; Ubuntu; Linux x86_64; rv:96.0) Gecko/20100101 Firefox/96.0
1911152,rotate,16473,35.138.90.71,4PqqR...,2022-02-17 01:02:07 UTC,/bookmarks.json,Mozilla/5.0 (X11; Ubuntu; Linux x86_64; rv:96.0) Gecko/20100101 Firefox/96.0
1911656,rotate,16473,35.138.90.71,l/Iq6...,2022-02-17 09:58:42 UTC,/notifications,Mozilla/5.0 (X11; Ubuntu; Linux x86_64; rv:96.0) Gecko/20100101 Firefox/96.0
1911710,rotate,16473,35.138.90.71,gcVq6...,2022-02-17 11:14:27 UTC,/bookmarks.json,Mozilla/5.0 (X11; Ubuntu; Linux x86_64; rv:96.0) Gecko/20100101 Firefox/96.0
1911716,rotate,16473,35.138.90.71,q01eH...,2022-02-17 11:28:31 UTC,/notifications,Mozilla/5.0 (X11; Ubuntu; Linux x86_64; rv:96.0) Gecko/20100101 Firefox/96.0
1911764,rotate,16473,35.138.90.71,aqKU2...,2022-02-17 12:24:38 UTC,/t/73338/posts.json,Mozilla/5.0 (X11; Ubuntu; Linux x86_64; rv:96.0) Gecko/20100101 Firefox/96.0
1912653,rotate,16473,35.138.90.71,mrV5A...,2022-02-17 22:41:03 UTC,/notifications,Mozilla/5.0 (X11; Ubuntu; Linux x86_64; rv:96.0) Gecko/20100101 Firefox/96.0
1912891,rotate,16473,35.138.90.71,E7f+C...,2022-02-18 01:38:56 UTC,/notifications,Mozilla/5.0 (X11; Ubuntu; Linux x86_64; rv:96.0) Gecko/20100101 Firefox/96.0
1912915,rotate,16473,35.138.90.71,rzuea...,2022-02-18 01:49:06 UTC,/drafts.json,Mozilla/5.0 (X11; Ubuntu; Linux x86_64; rv:96.0) Gecko/20100101 Firefox/96.0
1912988,rotate,16473,35.138.90.71,Rtnat...,2022-02-18 02:13:58 UTC,/t/73794/posts.json,Mozilla/5.0 (X11; Ubuntu; Linux x86_64; rv:96.0) Gecko/20100101 Firefox/96.0
1913017,rotate,16473,35.138.90.71,3qmFL...,2022-02-18 02:26:55 UTC,/notifications,Mozilla/5.0 (X11; Ubuntu; Linux x86_64; rv:96.0) Gecko/20100101 Firefox/96.0
1913417,rotate,16473,2603:9000:b00b:a000:34db:e395:cb96:e24b,pkzJa...,2022-02-18 09:53:39 UTC,/latest.json,Mozilla/5.0 (X11; Ubuntu; Linux x86_64; rv:96.0) Gecko/20100101 Firefox/96.0
1913458,rotate,16473,2603:9000:b00b:a000:34db:e395:cb96:e24b,KuNY9...,2022-02-18 10:44:04 UTC,/extra-locales/overrides,Mozilla/5.0 (X11; Ubuntu; Linux x86_64; rv:96.0) Gecko/20100101 Firefox/96.0
1914443,rotate,16473,2603:9000:b00b:a000:34db:e395:cb96:e24b,Z1DLa...,2022-02-18 21:11:56 UTC,/notifications,Mozilla/5.0 (X11; Ubuntu; Linux x86_64; rv:96.0) Gecko/20100101 Firefox/96.0
1915076,rotate,16473,2603:9000:b00b:a000:b6f:2484:ac27:5745,RWLCs...,2022-02-19 01:24:39 UTC,/extra-locales/overrides,Mozilla/5.0 (X11; Ubuntu; Linux x86_64; rv:96.0) Gecko/20100101 Firefox/96.0
1915118,rotate,16473,2603:9000:b00b:a000:b6f:2484:ac27:5745,MEQPM...,2022-02-19 01:47:57 UTC,/notifications,Mozilla/5.0 (X11; Ubuntu; Linux x86_64; rv:96.0) Gecko/20100101 Firefox/96.0
1915192,rotate,16473,2603:9000:b00b:a000:b6f:2484:ac27:5745,2jjWD...,2022-02-19 02:33:46 UTC,/bookmarks.json,Mozilla/5.0 (X11; Ubuntu; Linux x86_64; rv:96.0) Gecko/20100101 Firefox/96.0
1915588,rotate,16473,2603:9000:b00b:a000:b6f:2484:ac27:5745,nna1z...,2022-02-19 11:02:03 UTC,/notifications,Mozilla/5.0 (X11; Ubuntu; Linux x86_64; rv:96.0) Gecko/20100101 Firefox/96.0
1915596,rotate,16473,2603:9000:b00b:a000:b6f:2484:ac27:5745,w0bqr...,2022-02-19 11:37:32 UTC,/notifications,Mozilla/5.0 (X11; Ubuntu; Linux x86_64; rv:96.0) Gecko/20100101 Firefox/96.0
1915711,rotate,16473,2603:9000:b00b:a000:b6f:2484:ac27:5745,xpwNZ...,2022-02-19 13:18:34 UTC,/notifications,Mozilla/5.0 (X11; Ubuntu; Linux x86_64; rv:96.0) Gecko/20100101 Firefox/96.0
1915767,rotate,16473,2603:9000:b00b:a000:b6f:2484:ac27:5745,rbBTL...,2022-02-19 14:23:44 UTC,/notifications,Mozilla/5.0 (X11; Ubuntu; Linux x86_64; rv:96.0) Gecko/20100101 Firefox/96.0
1915903,rotate,16473,2603:9000:b00b:a000:b6f:2484:ac27:5745,GTBuq...,2022-02-19 16:03:27 UTC,/notifications,Mozilla/5.0 (X11; Ubuntu; Linux x86_64; rv:96.0) Gecko/20100101 Firefox/96.0
1915951,rotate,16473,2603:9000:b00b:a000:b6f:2484:ac27:5745,3DK8R...,2022-02-19 16:25:04 UTC,/t/60342/posts.json,Mozilla/5.0 (X11; Ubuntu; Linux x86_64; rv:96.0) Gecko/20100101 Firefox/96.0
1915962,rotate,16473,2603:9000:b00b:a000:b6f:2484:ac27:5745,gTo6u...,2022-02-19 16:35:05 UTC,/notifications,Mozilla/5.0 (X11; Ubuntu; Linux x86_64; rv:96.0) Gecko/20100101 Firefox/96.0
1916426,rotate,16473,2603:9000:b00b:a000:b6f:2484:ac27:5745,2sY28...,2022-02-19 20:58:05 UTC,/notifications,Mozilla/5.0 (X11; Ubuntu; Linux x86_64; rv:96.0) Gecko/20100101 Firefox/96.0
1916612,rotate,16473,2603:9000:b00b:a000:b6f:2484:ac27:5745,0Qxz0...,2022-02-20 00:17:55 UTC,/notifications,Mozilla/5.0 (X11; Ubuntu; Linux x86_64; rv:96.0) Gecko/20100101 Firefox/96.0
1916670,rotate,16473,2603:9000:b00b:a000:bfb2:c283:7ad8:70bb,h05rr...,2022-02-20 01:34:54 UTC,/notifications,Mozilla/5.0 (X11; Ubuntu; Linux x86_64; rv:96.0) Gecko/20100101 Firefox/96.0
1916702,rotate,16473,2603:9000:b00b:a000:bfb2:c283:7ad8:70bb,PZl9k...,2022-02-20 01:55:21 UTC,/notifications,Mozilla/5.0 (X11; Ubuntu; Linux x86_64; rv:96.0) Gecko/20100101 Firefox/96.0
1916687,rotate,16473,2603:9000:b00b:a000:bfb2:c283:7ad8:70bb,8dguE...,2022-02-20 01:44:57 UTC,/drafts.json,Mozilla/5.0 (X11; Ubuntu; Linux x86_64; rv:96.0) Gecko/20100101 Firefox/96.0
1916728,rotate,16473,2603:9000:b00b:a000:bfb2:c283:7ad8:70bb,KlBQd...,2022-02-20 02:12:11 UTC,/t/73794/posts.json,Mozilla/5.0 (X11; Ubuntu; Linux x86_64; rv:96.0) Gecko/20100101 Firefox/96.0
1916769,rotate,16473,2603:9000:b00b:a000:bfb2:c283:7ad8:70bb,9FZR0...,2022-02-20 02:50:17 UTC,/notifications,Mozilla/5.0 (X11; Ubuntu; Linux x86_64; rv:96.0) Gecko/20100101 Firefox/96.0
1916783,rotate,16473,2603:9000:b00b:a000:bfb2:c283:7ad8:70bb,nJ6M7...,2022-02-20 03:01:15 UTC,/notifications,Mozilla/5.0 (X11; Ubuntu; Linux x86_64; rv:96.0) Gecko/20100101 Firefox/96.0
1917012,rotate,16473,2603:9000:b00b:a000:bfb2:c283:7ad8:70bb,ywGcC...,2022-02-20 10:51:12 UTC,/t/72310/posts.json,Mozilla/5.0 (X11; Ubuntu; Linux x86_64; rv:96.0) Gecko/20100101 Firefox/96.0
1917085,rotate,16473,2603:9000:b00b:a000:71db:fee3:7e99:7bec,9U8Ck...,2022-02-20 12:47:31 UTC,/notifications,Mozilla/5.0 (X11; Ubuntu; Linux x86_64; rv:96.0) Gecko/20100101 Firefox/96.0
1917095,rotate,16473,2603:9000:b00b:a000:71db:fee3:7e99:7bec,faslC...,2022-02-20 13:02:50 UTC,/notifications,Mozilla/5.0 (X11; Ubuntu; Linux x86_64; rv:96.0) Gecko/20100101 Firefox/96.0
1917118,rotate,16473,2603:9000:b00b:a000:71db:fee3:7e99:7bec,nx/kS...,2022-02-20 13:33:03 UTC,/notifications,Mozilla/5.0 (X11; Ubuntu; Linux x86_64; rv:96.0) Gecko/20100101 Firefox/96.0
1917132,rotate,16473,2603:9000:b00b:a000:71db:fee3:7e99:7bec,ow7ad...,2022-02-20 13:52:12 UTC,/notifications,Mozilla/5.0 (X11; Ubuntu; Linux x86_64; rv:96.0) Gecko/20100101 Firefox/96.0
1917221,rotate,16473,2603:9000:b00b:a000:71db:fee3:7e99:7bec,sxHAV...,2022-02-20 14:57:17 UTC,/notifications,Mozilla/5.0 (X11; Ubuntu; Linux x86_64; rv:96.0) Gecko/20100101 Firefox/96.0
1917243,rotate,16473,2603:9000:b00b:a000:71db:fee3:7e99:7bec,pNBFp...,2022-02-20 15:18:32 UTC,/notifications,Mozilla/5.0 (X11; Ubuntu; Linux x86_64; rv:96.0) Gecko/20100101 Firefox/96.0
1917479,rotate,16473,2603:9000:b00b:a000:71db:fee3:7e99:7bec,HMIWV...,2022-02-20 18:22:09 UTC,/t/60982/posts.json,Mozilla/5.0 (X11; Ubuntu; Linux x86_64; rv:96.0) Gecko/20100101 Firefox/96.0
1917600,rotate,16473,2603:9000:b00b:a000:71db:fee3:7e99:7bec,J+fQY...,2022-02-20 19:39:31 UTC,/notifications,Mozilla/5.0 (X11; Ubuntu; Linux x86_64; rv:96.0) Gecko/20100101 Firefox/96.0
1917636,rotate,16473,2603:9000:b00b:a000:71db:fee3:7e99:7bec,BD7HL...,2022-02-20 19:58:18 UTC,/u/rachelkelly/card.json,Mozilla/5.0 (X11; Ubuntu; Linux x86_64; rv:96.0) Gecko/20100101 Firefox/96.0
1917839,rotate,16473,2603:9000:b00b:a000:71db:fee3:7e99:7bec,N33ON...,2022-02-20 22:00:03 UTC,/notifications,Mozilla/5.0 (X11; Ubuntu; Linux x86_64; rv:96.0) Gecko/20100101 Firefox/96.0
1918071,rotate,16473,2603:9000:b00b:a000:71db:fee3:7e99:7bec,+AhUA...,2022-02-21 00:50:00 UTC,/notifications,Mozilla/5.0 (X11; Ubuntu; Linux x86_64; rv:96.0) Gecko/20100101 Firefox/96.0
1918257,rotate,16473,2603:9000:b00b:a000:71db:fee3:7e99:7bec,l6P/3...,2022-02-21 02:25:20 UTC,/notifications,Mozilla/5.0 (X11; Ubuntu; Linux x86_64; rv:96.0) Gecko/20100101 Firefox/96.0
1918273,rotate,16473,2603:9000:b00b:a000:71db:fee3:7e99:7bec,K45vp...,2022-02-21 02:35:20 UTC,/presence/update,Mozilla/5.0 (X11; Ubuntu; Linux x86_64; rv:96.0) Gecko/20100101 Firefox/96.0
1918313,rotate,16473,2603:9000:b00b:a000:71db:fee3:7e99:7bec,GTR8M...,2022-02-21 02:45:39 UTC,/topics/timings,Mozilla/5.0 (X11; Ubuntu; Linux x86_64; rv:96.0) Gecko/20100101 Firefox/96.0
1918316,rotate,16473,2603:9000:b00b:a000:71db:fee3:7e99:7bec,k9vUR...,2022-02-21 02:46:39 UTC,/topics/timings,Mozilla/5.0 (X11; Ubuntu; Linux x86_64; rv:96.0) Gecko/20100101 Firefox/96.0
1918318,rotate,16473,2603:9000:b00b:a000:71db:fee3:7e99:7bec,giEYG...,2022-02-21 02:47:40 UTC,/topics/timings,Mozilla/5.0 (X11; Ubuntu; Linux x86_64; rv:96.0) Gecko/20100101 Firefox/96.0
1918323,rotate,16473,2603:9000:b00b:a000:71db:fee3:7e99:7bec,giJw7...,2022-02-21 02:50:00 UTC,/post_actions,Mozilla/5.0 (X11; Ubuntu; Linux x86_64; rv:96.0) Gecko/20100101 Firefox/96.0
1918344,rotate,16473,2603:9000:b00b:a000:71db:fee3:7e99:7bec,s4tkN...,2022-02-21 03:00:11 UTC,/drafts/topic_60342.json,Mozilla/5.0 (X11; Ubuntu; Linux x86_64; rv:96.0) Gecko/20100101 Firefox/96.0
1918367,rotate,16473,2603:9000:b00b:a000:71db:fee3:7e99:7bec,xd4bK...,2022-02-21 03:10:12 UTC,/presence/update,Mozilla/5.0 (X11; Ubuntu; Linux x86_64; rv:96.0) Gecko/20100101 Firefox/96.0
1918756,rotate,16473,2603:9000:b00b:a000:71db:fee3:7e99:7bec,7SKXR...,2022-02-21 11:44:19 UTC,/notifications,Mozilla/5.0 (X11; Ubuntu; Linux x86_64; rv:96.0) Gecko/20100101 Firefox/96.0
1919275,rotate,16473,2603:9000:b00b:a000:e82f:7ede:8bc9:4633,tXqFx...,2022-02-21 17:07:37 UTC,/t/81255.json,Mozilla/5.0 (X11; Ubuntu; Linux x86_64; rv:96.0) Gecko/20100101 Firefox/96.0
1919687,rotate,16473,2603:9000:b00b:a000:e82f:7ede:8bc9:4633,q236m...,2022-02-21 21:55:01 UTC,/notifications,Mozilla/5.0 (X11; Ubuntu; Linux x86_64; rv:96.0) Gecko/20100101 Firefox/96.0
1919749,rotate,16473,2603:9000:b00b:a000:e82f:7ede:8bc9:4633,GZd1X...,2022-02-21 22:37:01 UTC,/categories.json,Mozilla/5.0 (X11; Ubuntu; Linux x86_64; rv:96.0) Gecko/20100101 Firefox/96.0
1919809,rotate,16473,2603:9000:b00b:a000:e82f:7ede:8bc9:4633,/i+pu...,2022-02-21 23:23:12 UTC,/t/60104/posts.json,Mozilla/5.0 (X11; Ubuntu; Linux x86_64; rv:96.0) Gecko/20100101 Firefox/96.0
1919849,rotate,16473,2603:9000:b00b:a000:e82f:7ede:8bc9:4633,EBR6t...,2022-02-22 00:00:50 UTC,/notifications,Mozilla/5.0 (X11; Ubuntu; Linux x86_64; rv:96.0) Gecko/20100101 Firefox/96.0
1919909,rotate,16473,2603:9000:b00b:a000:e82f:7ede:8bc9:4633,5PDgh...,2022-02-22 00:52:44 UTC,/notifications,Mozilla/5.0 (X11; Ubuntu; Linux x86_64; rv:96.0) Gecko/20100101 Firefox/96.0
1919899,rotate,16473,2603:9000:b00b:a000:e82f:7ede:8bc9:4633,fLMt0...,2022-02-22 00:41:43 UTC,/notifications,Mozilla/5.0 (X11; Ubuntu; Linux x86_64; rv:96.0) Gecko/20100101 Firefox/96.0
1919974,rotate,16473,2603:9000:b00b:a000:e82f:7ede:8bc9:4633,GDo2z...,2022-02-22 01:33:44 UTC,/categories.json,Mozilla/5.0 (X11; Ubuntu; Linux x86_64; rv:96.0) Gecko/20100101 Firefox/96.0
1919990,rotate,16473,2603:9000:b00b:a000:e82f:7ede:8bc9:4633,V+ojx...,2022-02-22 01:43:45 UTC,/topics/timings,Mozilla/5.0 (X11; Ubuntu; Linux x86_64; rv:96.0) Gecko/20100101 Firefox/96.0
1919991,rotate,16473,2603:9000:b00b:a000:e82f:7ede:8bc9:4633,gApm+...,2022-02-22 01:44:56 UTC,/drafts.json,Mozilla/5.0 (X11; Ubuntu; Linux x86_64; rv:96.0) Gecko/20100101 Firefox/96.0
1920003,rotate,16473,2603:9000:b00b:a000:e82f:7ede:8bc9:4633,W2JA7...,2022-02-22 01:55:17 UTC,/topics/timings,Mozilla/5.0 (X11; Ubuntu; Linux x86_64; rv:96.0) Gecko/20100101 Firefox/96.0
1920379,rotate,16473,2603:9000:b00b:a000:e82f:7ede:8bc9:4633,Pi2JB...,2022-02-22 11:16:42 UTC,/notifications,Mozilla/5.0 (X11; Ubuntu; Linux x86_64; rv:96.0) Gecko/20100101 Firefox/96.0
1920440,rotate,16473,2603:9000:b00b:a000:9624:aaca:6e52:ca75,exRU/...,2022-02-22 12:48:22 UTC,/notifications,Mozilla/5.0 (X11; Ubuntu; Linux x86_64; rv:96.0) Gecko/20100101 Firefox/96.0
1920472,rotate,16473,2603:9000:b00b:a000:9624:aaca:6e52:ca75,SOZMX...,2022-02-22 13:11:50 UTC,/t/61070/posts.json,Mozilla/5.0 (X11; Ubuntu; Linux x86_64; rv:96.0) Gecko/20100101 Firefox/96.0
1920488,rotate,16473,2603:9000:b00b:a000:9624:aaca:6e52:ca75,yKRHg...,2022-02-22 13:28:11 UTC,/t/61070/posts.json,Mozilla/5.0 (X11; Ubuntu; Linux x86_64; rv:96.0) Gecko/20100101 Firefox/96.0
1920550,rotate,16473,2603:9000:b00b:a000:9624:aaca:6e52:ca75,MMkJX...,2022-02-22 14:23:06 UTC,/t/61070/posts.json,Mozilla/5.0 (X11; Ubuntu; Linux x86_64; rv:96.0) Gecko/20100101 Firefox/96.0
1920840,rotate,16473,2603:9000:b00b:a000:9624:aaca:6e52:ca75,a1xZu...,2022-02-22 17:54:05 UTC,/t/61070/posts.json,Mozilla/5.0 (X11; Ubuntu; Linux x86_64; rv:96.0) Gecko/20100101 Firefox/96.0
1920904,rotate,16473,2603:9000:b00b:a000:9624:aaca:6e52:ca75,Y0FWa...,2022-02-22 18:16:43 UTC,/t/61070/posts.json,Mozilla/5.0 (X11; Ubuntu; Linux x86_64; rv:96.0) Gecko/20100101 Firefox/96.0
1921276,rotate,16473,2603:9000:b00b:a000:9624:aaca:6e52:ca75,gS+W8...,2022-02-22 21:21:55 UTC,/notifications,Mozilla/5.0 (X11; Ubuntu; Linux x86_64; rv:96.0) Gecko/20100101 Firefox/96.0
1921367,rotate,16473,2603:9000:b00b:a000:9624:aaca:6e52:ca75,y3oTX...,2022-02-22 21:58:14 UTC,/categories.json,Mozilla/5.0 (X11; Ubuntu; Linux x86_64; rv:96.0) Gecko/20100101 Firefox/96.0
1921411,rotate,16473,2603:9000:b00b:a000:9624:aaca:6e52:ca75,bmlTc...,2022-02-22 22:29:33 UTC,/notifications,Mozilla/5.0 (X11; Ubuntu; Linux x86_64; rv:96.0) Gecko/20100101 Firefox/96.0
1921446,rotate,16473,2603:9000:b00b:a000:9624:aaca:6e52:ca75,hMpVt...,2022-02-22 22:48:41 UTC,/notifications,Mozilla/5.0 (X11; Ubuntu; Linux x86_64; rv:96.0) Gecko/20100101 Firefox/96.0
1921512,rotate,16473,2603:9000:b00b:a000:9624:aaca:6e52:ca75,wmsMm...,2022-02-22 23:27:00 UTC,/notifications,Mozilla/5.0 (X11; Ubuntu; Linux x86_64; rv:96.0) Gecko/20100101 Firefox/96.0
1921660,rotate,16473,2603:9000:b00b:a000:5434:fcaf:29b2:fee6,WMP6z...,2022-02-23 00:55:15 UTC,/unread,Mozilla/5.0 (X11; Ubuntu; Linux x86_64; rv:96.0) Gecko/20100101 Firefox/96.0
1921684,rotate,16473,2603:9000:b00b:a000:5434:fcaf:29b2:fee6,WX94V...,2022-02-23 01:15:33 UTC,/drafts.json,Mozilla/5.0 (X11; Ubuntu; Linux x86_64; rv:96.0) Gecko/20100101 Firefox/96.0
1921672,rotate,16473,2603:9000:b00b:a000:5434:fcaf:29b2:fee6,qAuPN...,2022-02-23 01:05:17 UTC,/drafts.json,Mozilla/5.0 (X11; Ubuntu; Linux x86_64; rv:96.0) Gecko/20100101 Firefox/96.0
1921803,rotate,16473,2603:9000:b00b:a000:5434:fcaf:29b2:fee6,Os5uQ...,2022-02-23 02:21:39 UTC,/post_action_users,Mozilla/5.0 (X11; Ubuntu; Linux x86_64; rv:96.0) Gecko/20100101 Firefox/96.0
1921821,rotate,16473,2603:9000:b00b:a000:5434:fcaf:29b2:fee6,hu66R...,2022-02-23 02:31:52 UTC,/topics/timings,Mozilla/5.0 (X11; Ubuntu; Linux x86_64; rv:96.0) Gecko/20100101 Firefox/96.0
1922217,rotate,16473,2603:9000:b00b:a000:5434:fcaf:29b2:fee6,+L4fd...,2022-02-23 10:09:44 UTC,/notifications,Mozilla/5.0 (X11; Ubuntu; Linux x86_64; rv:96.0) Gecko/20100101 Firefox/96.0
1922237,rotate,16473,2603:9000:b00b:a000:5434:fcaf:29b2:fee6,aYAvK...,2022-02-23 10:37:23 UTC,/topics/timings,Mozilla/5.0 (X11; Ubuntu; Linux x86_64; rv:96.0) Gecko/20100101 Firefox/96.0
1922262,rotate,16473,2603:9000:b00b:a000:5434:fcaf:29b2:fee6,91jkU...,2022-02-23 11:00:23 UTC,/notifications,Mozilla/5.0 (X11; Ubuntu; Linux x86_64; rv:96.0) Gecko/20100101 Firefox/96.0
1922298,rotate,16473,2603:9000:b00b:a000:5434:fcaf:29b2:fee6,+yZCD...,2022-02-23 11:45:08 UTC,/notifications,Mozilla/5.0 (X11; Ubuntu; Linux x86_64; rv:96.0) Gecko/20100101 Firefox/96.0
1922282,rotate,16473,2603:9000:b00b:a000:5434:fcaf:29b2:fee6,UdFnR...,2022-02-23 11:28:07 UTC,/t/81255/posts.json,Mozilla/5.0 (X11; Ubuntu; Linux x86_64; rv:96.0) Gecko/20100101 Firefox/96.0
1922440,rotate,16473,2603:9000:b00b:a000:5434:fcaf:29b2:fee6,Dp5tB...,2022-02-23 13:59:52 UTC,/notifications,Mozilla/5.0 (X11; Ubuntu; Linux x86_64; rv:96.0) Gecko/20100101 Firefox/96.0
1922517,rotate,16473,2603:9000:b00b:a000:5434:fcaf:29b2:fee6,v0h+G...,2022-02-23 14:50:02 UTC,/t/73338/posts.json,Mozilla/5.0 (X11; Ubuntu; Linux x86_64; rv:96.0) Gecko/20100101 Firefox/96.0
1922560,rotate,16473,2603:9000:b00b:a000:5434:fcaf:29b2:fee6,LlMyx...,2022-02-23 15:16:25 UTC,/t/73338/posts.json,Mozilla/5.0 (X11; Ubuntu; Linux x86_64; rv:96.0) Gecko/20100101 Firefox/96.0
1922722,rotate,16473,2603:9000:b00b:a000:5434:fcaf:29b2:fee6,1aIxL...,2022-02-23 17:02:44 UTC,/notifications,Mozilla/5.0 (X11; Ubuntu; Linux x86_64; rv:96.0) Gecko/20100101 Firefox/96.0
1922872,rotate,16473,2603:9000:b00b:a000:5434:fcaf:29b2:fee6,dmBSL...,2022-02-23 18:30:40 UTC,/t/81255/posts.json,Mozilla/5.0 (X11; Ubuntu; Linux x86_64; rv:96.0) Gecko/20100101 Firefox/96.0
1923149,rotate,16473,2603:9000:b00b:a000:5434:fcaf:29b2:fee6,OUkc2...,2022-02-23 21:24:47 UTC,/notifications,Mozilla/5.0 (X11; Ubuntu; Linux x86_64; rv:96.0) Gecko/20100101 Firefox/96.0
1923466,rotate,16473,2603:9000:b00b:a000:5434:fcaf:29b2:fee6,KwpD5...,2022-02-24 00:56:17 UTC,/notifications,Mozilla/5.0 (X11; Ubuntu; Linux x86_64; rv:96.0) Gecko/20100101 Firefox/96.0
1923522,rotate,16473,2603:9000:b00b:a000:ad2:ff16:4e92:1461,VoHy3...,2022-02-24 01:38:21 UTC,/categories.json,Mozilla/5.0 (X11; Ubuntu; Linux x86_64; rv:96.0) Gecko/20100101 Firefox/96.0
1923544,rotate,16473,2603:9000:b00b:a000:ad2:ff16:4e92:1461,FXfZ+...,2022-02-24 01:48:30 UTC,/presence/update,Mozilla/5.0 (X11; Ubuntu; Linux x86_64; rv:96.0) Gecko/20100101 Firefox/96.0
1923558,rotate,16473,2603:9000:b00b:a000:ad2:ff16:4e92:1461,1zlo+...,2022-02-24 01:58:38 UTC,/topics/timings,Mozilla/5.0 (X11; Ubuntu; Linux x86_64; rv:96.0) Gecko/20100101 Firefox/96.0
1923659,rotate,16473,2603:9000:b00b:a000:ad2:ff16:4e92:1461,GW1r0...,2022-02-24 02:50:55 UTC,/notifications,Mozilla/5.0 (X11; Ubuntu; Linux x86_64; rv:96.0) Gecko/20100101 Firefox/96.0
1924022,rotate,16473,2603:9000:b00b:a000:ad2:ff16:4e92:1461,MBSPS...,2022-02-24 11:03:16 UTC,/notifications,Mozilla/5.0 (X11; Ubuntu; Linux x86_64; rv:96.0) Gecko/20100101 Firefox/96.0
1924854,rotate,16473,2603:9000:b00b:a000:ad2:ff16:4e92:1461,Dl+tI...,2022-02-24 21:17:24 UTC,/notifications,Mozilla/5.0 (X11; Ubuntu; Linux x86_64; rv:96.0) Gecko/20100101 Firefox/96.0
1924954,rotate,16473,2603:9000:b00b:a000:ad2:ff16:4e92:1461,xOTX5...,2022-02-24 22:55:31 UTC,/notifications,Mozilla/5.0 (X11; Ubuntu; Linux x86_64; rv:96.0) Gecko/20100101 Firefox/96.0
1924991,rotate,16473,2603:9000:b00b:a000:ad2:ff16:4e92:1461,ffQBS...,2022-02-24 23:25:36 UTC,/notifications,Mozilla/5.0 (X11; Ubuntu; Linux x86_64; rv:96.0) Gecko/20100101 Firefox/96.0
1925072,rotate,16473,2603:9000:b00b:a000:b1b9:5668:f1d1:5c24,Se/zm...,2022-02-25 00:32:58 UTC,/t/60342/posts.json,Mozilla/5.0 (X11; Ubuntu; Linux x86_64; rv:96.0) Gecko/20100101 Firefox/96.0
1925291,rotate,16473,2603:9000:b00b:a000:b1b9:5668:f1d1:5c24,+19hC...,2022-02-25 02:41:54 UTC,/t/amber-field-dailies/60342/508,Mozilla/5.0 (X11; Ubuntu; Linux x86_64; rv:96.0) Gecko/20100101 Firefox/96.0
1925310,rotate,16473,2603:9000:b00b:a000:b1b9:5668:f1d1:5c24,QZXJa...,2022-02-25 02:52:03 UTC,/drafts.json,Mozilla/5.0 (X11; Ubuntu; Linux x86_64; rv:96.0) Gecko/20100101 Firefox/96.0
1925723,rotate,16473,2603:9000:b00b:a000:565:109:dbcc:30d2,8v0yu...,2022-02-25 10:19:09 UTC,/t/kevin-gilds-dailies/73794/67,Mozilla/5.0 (X11; Ubuntu; Linux x86_64; rv:96.0) Gecko/20100101 Firefox/96.0
1925774,rotate,16473,2603:9000:b00b:a000:565:109:dbcc:30d2,IHoZI...,2022-02-25 11:22:02 UTC,/notifications,Mozilla/5.0 (X11; Ubuntu; Linux x86_64; rv:96.0) Gecko/20100101 Firefox/96.0
1925817,rotate,16473,2603:9000:b00b:a000:565:109:dbcc:30d2,y0zoF...,2022-02-25 12:44:57 UTC,/notifications,Mozilla/5.0 (X11; Ubuntu; Linux x86_64; rv:96.0) Gecko/20100101 Firefox/96.0
1925850,rotate,16473,2603:9000:b00b:a000:565:109:dbcc:30d2,kLTQ9...,2022-02-25 13:08:57 UTC,/t/73338/posts.json,Mozilla/5.0 (X11; Ubuntu; Linux x86_64; rv:96.0) Gecko/20100101 Firefox/96.0
1925880,rotate,16473,2603:9000:b00b:a000:565:109:dbcc:30d2,I3S+d...,2022-02-25 13:28:56 UTC,/t/73338/posts.json,Mozilla/5.0 (X11; Ubuntu; Linux x86_64; rv:96.0) Gecko/20100101 Firefox/96.0
